"prevalence_completed","prevalence_uncompleted","confounder_outcome_rr","cohort","cif_event_early_completion","cif_event_not_early_completion","observed_rr","confounding_factor","corrected_rr","corrected_rd"
0.05,0.05,1.25,"acute_cholecystitis",0.0144362165171731,0.126495745058114,0.114124127341524,1,0.114124127341524,-0.112059528540941
0.05,0.05,1.25,"choledocholithiasis",0.0451243537986044,0.0752417036743836,0.599725306511995,1,0.599725306511995,-0.0301173498757792
0.05,0.05,1.5,"acute_cholecystitis",0.0144362165171731,0.126495745058114,0.114124127341524,1,0.114124127341524,-0.112059528540941
0.05,0.05,1.5,"choledocholithiasis",0.0451243537986044,0.0752417036743836,0.599725306511995,1,0.599725306511995,-0.0301173498757792
0.05,0.05,2,"acute_cholecystitis",0.0144362165171731,0.126495745058114,0.114124127341524,1,0.114124127341524,-0.112059528540941
0.05,0.05,2,"choledocholithiasis",0.0451243537986044,0.0752417036743836,0.599725306511995,1,0.599725306511995,-0.0301173498757792
0.05,0.05,3,"acute_cholecystitis",0.0144362165171731,0.126495745058114,0.114124127341524,1,0.114124127341524,-0.112059528540941
0.05,0.05,3,"choledocholithiasis",0.0451243537986044,0.0752417036743836,0.599725306511995,1,0.599725306511995,-0.0301173498757792
0.05,0.05,4,"acute_cholecystitis",0.0144362165171731,0.126495745058114,0.114124127341524,1,0.114124127341524,-0.112059528540941
0.05,0.05,4,"choledocholithiasis",0.0451243537986044,0.0752417036743836,0.599725306511995,1,0.599725306511995,-0.0301173498757792
0.05,0.1,1.25,"acute_cholecystitis",0.0144362165171731,0.126495745058114,0.114124127341524,0.98780487804878,0.115533067185246,-0.111881303645667
0.05,0.1,1.25,"choledocholithiasis",0.0451243537986044,0.0752417036743836,0.599725306511995,0.98780487804878,0.607129322641773,-0.0295602590881421
0.05,0.1,1.5,"acute_cholecystitis",0.0144362165171731,0.126495745058114,0.114124127341524,0.976190476190476,0.116907642642536,-0.111707425699059
0.05,0.1,1.5,"choledocholithiasis",0.0451243537986044,0.0752417036743836,0.599725306511995,0.976190476190476,0.614352753012288,-0.0290167558806913
0.05,0.1,2,"acute_cholecystitis",0.0144362165171731,0.126495745058114,0.114124127341524,0.954545454545454,0.119558609595882,-0.111372089659171
0.05,0.1,2,"choledocholithiasis",0.0451243537986044,0.0752417036743836,0.599725306511995,0.954545454545454,0.628283654441138,-0.0279685711234647
0.05,0.1,3,"acute_cholecystitis",0.0144362165171731,0.126495745058114,0.114124127341524,0.916666666666667,0.124499048008935,-0.110747145221198
0.05,0.1,3,"choledocholithiasis",0.0451243537986044,0.0752417036743836,0.599725306511995,0.916666666666667,0.654245788922176,-0.0260151358940879
0.05,0.1,4,"acute_cholecystitis",0.0144362165171731,0.126495745058114,0.114124127341524,0.884615384615384,0.129009883081722,-0.110176543777831
0.05,0.1,4,"choledocholithiasis",0.0451243537986044,0.0752417036743836,0.599725306511995,0.884615384615384,0.677950346491821,-0.0242315645977004
0.05,0.15,1.25,"acute_cholecystitis",0.0144362165171731,0.126495745058114,0.114124127341524,0.975903614457831,0.116942007028969,-0.111703078750393
0.05,0.15,1.25,"choledocholithiasis",0.0451243537986044,0.0752417036743836,0.599725306511995,0.975903614457831,0.61453333877155,-0.029003168300505
0.05,0.15,1.5,"acute_cholecystitis",0.0144362165171731,0.126495745058114,0.114124127341524,0.953488372093023,0.119691157943549,-0.111355322857176
0.05,0.15,1.5,"choledocholithiasis",0.0451243537986044,0.0752417036743836,0.599725306511995,0.953488372093023,0.62898019951258,-0.0279161618856034
0.05,0.15,2,"acute_cholecystitis",0.0144362165171731,0.126495745058114,0.114124127341524,0.91304347826087,0.12499309185024,-0.110684650777401
0.05,0.15,2,"choledocholithiasis",0.0451243537986044,0.0752417036743836,0.599725306511995,0.91304347826087,0.65684200237028,-0.0258197923711502
0.05,0.15,3,"acute_cholecystitis",0.0144362165171731,0.126495745058114,0.114124127341524,0.846153846153846,0.134873968676346,-0.109434761901455
0.05,0.15,3,"choledocholithiasis",0.0451243537986044,0.0752417036743836,0.599725306511995,0.846153846153846,0.708766271332358,-0.0219129219123966
0.05,0.15,4,"acute_cholecystitis",0.0144362165171731,0.126495745058114,0.114124127341524,0.793103448275862,0.143895638821921,-0.108293559014722
0.05,0.15,4,"choledocholithiasis",0.0451243537986044,0.0752417036743836,0.599725306511995,0.793103448275862,0.756175386471646,-0.0183457793196215
0.05,0.2,1.25,"acute_cholecystitis",0.0144362165171731,0.126495745058114,0.114124127341524,0.964285714285714,0.118350946872691,-0.11152485385512
0.05,0.2,1.25,"choledocholithiasis",0.0451243537986044,0.0752417036743836,0.599725306511995,0.964285714285714,0.621937354901328,-0.0284460775128679
0.05,0.2,1.5,"acute_cholecystitis",0.0144362165171731,0.126495745058114,0.114124127341524,0.931818181818182,0.122474673244562,-0.111003220015294
0.05,0.2,1.5,"choledocholithiasis",0.0451243537986044,0.0752417036743836,0.599725306511995,0.931818181818182,0.643607646012873,-0.0268155678905154
0.05,0.2,2,"acute_cholecystitis",0.0144362165171731,0.126495745058114,0.114124127341524,0.875,0.130427574104598,-0.10999721189563
0.05,0.2,2,"choledocholithiasis",0.0451243537986044,0.0752417036743836,0.599725306511995,0.875,0.685400350299423,-0.0236710136188357
0.05,0.2,3,"acute_cholecystitis",0.0144362165171731,0.126495745058114,0.114124127341524,0.785714285714286,0.145248889343757,-0.108122378581712
0.05,0.2,3,"choledocholithiasis",0.0451243537986044,0.0752417036743836,0.599725306511995,0.785714285714286,0.763286753742539,-0.0178107079307053
0.05,0.2,4,"acute_cholecystitis",0.0144362165171731,0.126495745058114,0.114124127341524,0.71875,0.15878139456212,-0.106410574251612
0.05,0.2,4,"choledocholithiasis",0.0451243537986044,0.0752417036743836,0.599725306511995,0.71875,0.834400426451471,-0.0124599940415427
0.05,0.25,1.25,"acute_cholecystitis",0.0144362165171731,0.126495745058114,0.114124127341524,0.952941176470588,0.119759886716414,-0.111346628959846
0.05,0.25,1.25,"choledocholithiasis",0.0451243537986044,0.0752417036743836,0.599725306511995,0.952941176470588,0.629341371031106,-0.0278889867252308
0.05,0.25,1.5,"acute_cholecystitis",0.0144362165171731,0.126495745058114,0.114124127341524,0.911111111111111,0.125258188545575,-0.110651117173412
0.05,0.25,1.5,"choledocholithiasis",0.0451243537986044,0.0752417036743836,0.599725306511995,0.911111111111111,0.658235092513165,-0.0257149738954275
0.05,0.25,2,"acute_cholecystitis",0.0144362165171731,0.126495745058114,0.114124127341524,0.84,0.135862056358957,-0.10930977301386
0.05,0.25,2,"choledocholithiasis",0.0451243537986044,0.0752417036743836,0.599725306511995,0.84,0.713958698228565,-0.0215222348665212
0.05,0.25,3,"acute_cholecystitis",0.0144362165171731,0.126495745058114,0.114124127341524,0.733333333333333,0.155623810011168,-0.106809995261969
0.05,0.25,3,"choledocholithiasis",0.0451243537986044,0.0752417036743836,0.599725306511995,0.733333333333333,0.81780723615272,-0.013708493949014
0.05,0.25,4,"acute_cholecystitis",0.0144362165171731,0.126495745058114,0.114124127341524,0.657142857142857,0.173667150302318,-0.104527589488503
0.05,0.25,4,"choledocholithiasis",0.0451243537986044,0.0752417036743836,0.599725306511995,0.657142857142857,0.912625466431297,-0.00657420876346385
0.05,0.3,1.25,"acute_cholecystitis",0.0144362165171731,0.126495745058114,0.114124127341524,0.941860465116279,0.121168826560136,-0.111168404064572
0.05,0.3,1.25,"choledocholithiasis",0.0451243537986044,0.0752417036743836,0.599725306511995,0.941860465116279,0.636745387160884,-0.0273318959375937
0.05,0.3,1.5,"acute_cholecystitis",0.0144362165171731,0.126495745058114,0.114124127341524,0.891304347826087,0.128041703846587,-0.11029901433153
0.05,0.3,1.5,"choledocholithiasis",0.0451243537986044,0.0752417036743836,0.599725306511995,0.891304347826087,0.672862539013458,-0.0246143799003396
0.05,0.3,2,"acute_cholecystitis",0.0144362165171731,0.126495745058114,0.114124127341524,0.807692307692308,0.141296538613315,-0.10862233413209
0.05,0.3,2,"choledocholithiasis",0.0451243537986044,0.0752417036743836,0.599725306511995,0.807692307692308,0.742517046157708,-0.0193734561142067
0.05,0.3,3,"acute_cholecystitis",0.0144362165171731,0.126495745058114,0.114124127341524,0.6875,0.16599873067858,-0.105497611942226
0.05,0.3,3,"choledocholithiasis",0.0451243537986044,0.0752417036743836,0.599725306511995,0.6875,0.872327718562902,-0.00960627996732265
0.05,0.3,4,"acute_cholecystitis",0.0144362165171731,0.126495745058114,0.114124127341524,0.605263157894737,0.188552906042517,-0.102644604725393
0.05,0.3,4,"choledocholithiasis",0.0451243537986044,0.0752417036743836,0.599725306511995,0.605263157894737,0.990850506411122,-0.000688423485385019
0.05,0.35,1.25,"acute_cholecystitis",0.0144362165171731,0.126495745058114,0.114124127341524,0.931034482758621,0.122577766403859,-0.110990179169298
0.05,0.35,1.25,"choledocholithiasis",0.0451243537986044,0.0752417036743836,0.599725306511995,0.931034482758621,0.644149403290661,-0.0267748051499567
0.05,0.35,1.5,"acute_cholecystitis",0.0144362165171731,0.126495745058114,0.114124127341524,0.872340425531915,0.1308252191476,-0.109946911489647
0.05,0.35,1.5,"choledocholithiasis",0.0451243537986044,0.0752417036743836,0.599725306511995,0.872340425531915,0.68748998551375,-0.0235137859052517
0.05,0.35,2,"acute_cholecystitis",0.0144362165171731,0.126495745058114,0.114124127341524,0.777777777777778,0.146731020867673,-0.10793489525032
0.05,0.35,2,"choledocholithiasis",0.0451243537986044,0.0752417036743836,0.599725306511995,0.777777777777778,0.771075394086851,-0.0172246773618922
0.05,0.35,3,"acute_cholecystitis",0.0144362165171731,0.126495745058114,0.114124127341524,0.647058823529412,0.176373651345991,-0.104185228622483
0.05,0.35,3,"choledocholithiasis",0.0451243537986044,0.0752417036743836,0.599725306511995,0.647058823529412,0.926848200973083,-0.00550406598563135
0.05,0.35,4,"acute_cholecystitis",0.0144362165171731,0.126495745058114,0.114124127341524,0.560975609756098,0.203438661782716,-0.100761619962284
0.05,0.35,4,"choledocholithiasis",0.0451243537986044,0.0752417036743836,0.599725306511995,0.560975609756098,1.06907554639095,0.0051973617926938
0.05,0.4,1.25,"acute_cholecystitis",0.0144362165171731,0.126495745058114,0.114124127341524,0.920454545454545,0.123986706247581,-0.110811954274025
0.05,0.4,1.25,"choledocholithiasis",0.0451243537986044,0.0752417036743836,0.599725306511995,0.920454545454545,0.651553419420439,-0.0262177143623195
0.05,0.4,1.5,"acute_cholecystitis",0.0144362165171731,0.126495745058114,0.114124127341524,0.854166666666667,0.133608734448613,-0.109594808647765
0.05,0.4,1.5,"choledocholithiasis",0.0451243537986044,0.0752417036743836,0.599725306511995,0.854166666666667,0.702117432014043,-0.0224131919101638
0.05,0.4,2,"acute_cholecystitis",0.0144362165171731,0.126495745058114,0.114124127341524,0.75,0.152165503122031,-0.10724745636855
0.05,0.4,2,"choledocholithiasis",0.0451243537986044,0.0752417036743836,0.599725306511995,0.75,0.799633742015993,-0.0150758986095777
0.05,0.4,3,"acute_cholecystitis",0.0144362165171731,0.126495745058114,0.114124127341524,0.611111111111111,0.186748572013402,-0.10287284530274
0.05,0.4,3,"choledocholithiasis",0.0451243537986044,0.0752417036743836,0.599725306511995,0.611111111111111,0.981368683383264,-0.00140185200394004
0.05,0.4,4,"acute_cholecystitis",0.0144362165171731,0.126495745058114,0.114124127341524,0.522727272727273,0.218324417522915,-0.0988786351991742
0.05,0.4,4,"choledocholithiasis",0.0451243537986044,0.0752417036743836,0.599725306511995,0.522727272727273,1.14730058637077,0.0110831470707727
0.05,0.45,1.25,"acute_cholecystitis",0.0144362165171731,0.126495745058114,0.114124127341524,0.910112359550562,0.125395646091304,-0.110633729378751
0.05,0.45,1.25,"choledocholithiasis",0.0451243537986044,0.0752417036743836,0.599725306511995,0.910112359550562,0.658957435550217,-0.0256606235746825
0.05,0.45,1.5,"acute_cholecystitis",0.0144362165171731,0.126495745058114,0.114124127341524,0.836734693877551,0.136392249749626,-0.109242705805883
0.05,0.45,1.5,"choledocholithiasis",0.0451243537986044,0.0752417036743836,0.599725306511995,0.836734693877551,0.716744878514336,-0.0213125979150759
0.05,0.45,2,"acute_cholecystitis",0.0144362165171731,0.126495745058114,0.114124127341524,0.724137931034483,0.15759998537639,-0.10656001748678
0.05,0.45,2,"choledocholithiasis",0.0451243537986044,0.0752417036743836,0.599725306511995,0.724137931034483,0.828192089945136,-0.0129271198572632
0.05,0.45,3,"acute_cholecystitis",0.0144362165171731,0.126495745058114,0.114124127341524,0.578947368421053,0.197123492680813,-0.101560461982997
0.05,0.45,3,"choledocholithiasis",0.0451243537986044,0.0752417036743836,0.599725306511995,0.578947368421053,1.03588916579345,0.00270036197775127
0.05,0.45,4,"acute_cholecystitis",0.0144362165171731,0.126495745058114,0.114124127341524,0.48936170212766,0.233210173263113,-0.0969956504360646
0.05,0.45,4,"choledocholithiasis",0.0451243537986044,0.0752417036743836,0.599725306511995,0.48936170212766,1.2255256263506,0.0169689323488515
0.05,0.5,1.25,"acute_cholecystitis",0.0144362165171731,0.126495745058114,0.114124127341524,0.9,0.126804585935026,-0.110455504483477
0.05,0.5,1.25,"choledocholithiasis",0.0451243537986044,0.0752417036743836,0.599725306511995,0.9,0.666361451679994,-0.0251035327870454
0.05,0.5,1.5,"acute_cholecystitis",0.0144362165171731,0.126495745058114,0.114124127341524,0.82,0.139175765050638,-0.108890602964
0.05,0.5,1.5,"choledocholithiasis",0.0451243537986044,0.0752417036743836,0.599725306511995,0.82,0.731372325014628,-0.020212003919988
0.05,0.5,2,"acute_cholecystitis",0.0144362165171731,0.126495745058114,0.114124127341524,0.7,0.163034467630748,-0.10587257860501
0.05,0.5,2,"choledocholithiasis",0.0451243537986044,0.0752417036743836,0.599725306511995,0.7,0.856750437874278,-0.0107783411049487
0.05,0.5,3,"acute_cholecystitis",0.0144362165171731,0.126495745058114,0.114124127341524,0.55,0.207498413348225,-0.100248078663254
0.05,0.5,3,"choledocholithiasis",0.0451243537986044,0.0752417036743836,0.599725306511995,0.55,1.09040964820363,0.00680257595944258
0.05,0.5,4,"acute_cholecystitis",0.0144362165171731,0.126495745058114,0.114124127341524,0.46,0.248095929003312,-0.0951126656729551
0.05,0.5,4,"choledocholithiasis",0.0451243537986044,0.0752417036743836,0.599725306511995,0.46,1.30375066633042,0.0228547176269303
0.1,0.05,1.25,"acute_cholecystitis",0.0144362165171731,0.126495745058114,0.114124127341524,1.01234567901235,0.112732369691017,-0.112235579961882
0.1,0.05,1.25,"choledocholithiasis",0.0451243537986044,0.0752417036743836,0.599725306511995,1.01234567901235,0.592411583261849,-0.0306676468733232
0.1,0.05,1.5,"acute_cholecystitis",0.0144362165171731,0.126495745058114,0.114124127341524,1.02439024390244,0.111406886214344,-0.112403247981826
0.1,0.05,1.5,"choledocholithiasis",0.0451243537986044,0.0752417036743836,0.599725306511995,1.02439024390244,0.585446132547424,-0.0311917392519364
0.1,0.05,2,"acute_cholecystitis",0.0144362165171731,0.126495745058114,0.114124127341524,1.04761904761905,0.108936667007818,-0.112715720200812
0.1,0.05,2,"choledocholithiasis",0.0451243537986044,0.0752417036743836,0.599725306511995,1.04761904761905,0.572465065306904,-0.0321684568666249
0.1,0.05,3,"acute_cholecystitis",0.0144362165171731,0.126495745058114,0.114124127341524,1.09090909090909,0.104613783396397,-0.113262546584039
0.1,0.05,3,"choledocholithiasis",0.0451243537986044,0.0752417036743836,0.599725306511995,1.09090909090909,0.549748197635995,-0.0338777126923296
0.1,0.05,4,"acute_cholecystitis",0.0144362165171731,0.126495745058114,0.114124127341524,1.1304347826087,0.100955958802117,-0.113725245831384
0.1,0.05,4,"choledocholithiasis",0.0451243537986044,0.0752417036743836,0.599725306511995,1.1304347826087,0.530526232683688,-0.0353240060833105
0.1,0.1,1.25,"acute_cholecystitis",0.0144362165171731,0.126495745058114,0.114124127341524,1,0.114124127341524,-0.112059528540941
0.1,0.1,1.25,"choledocholithiasis",0.0451243537986044,0.0752417036743836,0.599725306511995,1,0.599725306511995,-0.0301173498757792
0.1,0.1,1.5,"acute_cholecystitis",0.0144362165171731,0.126495745058114,0.114124127341524,1,0.114124127341524,-0.112059528540941
0.1,0.1,1.5,"choledocholithiasis",0.0451243537986044,0.0752417036743836,0.599725306511995,1,0.599725306511995,-0.0301173498757792
0.1,0.1,2,"acute_cholecystitis",0.0144362165171731,0.126495745058114,0.114124127341524,1,0.114124127341524,-0.112059528540941
0.1,0.1,2,"choledocholithiasis",0.0451243537986044,0.0752417036743836,0.599725306511995,1,0.599725306511995,-0.0301173498757792
0.1,0.1,3,"acute_cholecystitis",0.0144362165171731,0.126495745058114,0.114124127341524,1,0.114124127341524,-0.112059528540941
0.1,0.1,3,"choledocholithiasis",0.0451243537986044,0.0752417036743836,0.599725306511995,1,0.599725306511995,-0.0301173498757792
0.1,0.1,4,"acute_cholecystitis",0.0144362165171731,0.126495745058114,0.114124127341524,1,0.114124127341524,-0.112059528540941
0.1,0.1,4,"choledocholithiasis",0.0451243537986044,0.0752417036743836,0.599725306511995,1,0.599725306511995,-0.0301173498757792
0.1,0.15,1.25,"acute_cholecystitis",0.0144362165171731,0.126495745058114,0.114124127341524,0.987951807228916,0.11551588499203,-0.11188347712
0.1,0.15,1.25,"choledocholithiasis",0.0451243537986044,0.0752417036743836,0.599725306511995,0.987951807228916,0.607039029762141,-0.0295670528782352
0.1,0.15,1.5,"acute_cholecystitis",0.0144362165171731,0.126495745058114,0.114124127341524,0.976744186046512,0.116841368468703,-0.111715809100056
0.1,0.15,1.5,"choledocholithiasis",0.0451243537986044,0.0752417036743836,0.599725306511995,0.976744186046512,0.614004480476566,-0.029042960499622
0.1,0.15,2,"acute_cholecystitis",0.0144362165171731,0.126495745058114,0.114124127341524,0.956521739130435,0.119311587675229,-0.111403336881069
0.1,0.15,2,"choledocholithiasis",0.0451243537986044,0.0752417036743836,0.599725306511995,0.956521739130435,0.626985547717086,-0.0280662428849335
0.1,0.15,3,"acute_cholecystitis",0.0144362165171731,0.126495745058114,0.114124127341524,0.923076923076923,0.123634471286651,-0.110856510497843
0.1,0.15,3,"choledocholithiasis",0.0451243537986044,0.0752417036743836,0.599725306511995,0.923076923076923,0.649702415387995,-0.0263569870592288
0.1,0.15,4,"acute_cholecystitis",0.0144362165171731,0.126495745058114,0.114124127341524,0.896551724137931,0.12729229588093,-0.110393811250498
0.1,0.15,4,"choledocholithiasis",0.0451243537986044,0.0752417036743836,0.599725306511995,0.896551724137931,0.668924380340302,-0.0249106936682479
0.1,0.2,1.25,"acute_cholecystitis",0.0144362165171731,0.126495745058114,0.114124127341524,0.976190476190476,0.116907642642536,-0.111707425699059
0.1,0.2,1.25,"choledocholithiasis",0.0451243537986044,0.0752417036743836,0.599725306511995,0.976190476190476,0.614352753012288,-0.0290167558806913
0.1,0.2,1.5,"acute_cholecystitis",0.0144362165171731,0.126495745058114,0.114124127341524,0.954545454545454,0.119558609595882,-0.111372089659171
0.1,0.2,1.5,"choledocholithiasis",0.0451243537986044,0.0752417036743836,0.599725306511995,0.954545454545454,0.628283654441138,-0.0279685711234647
0.1,0.2,2,"acute_cholecystitis",0.0144362165171731,0.126495745058114,0.114124127341524,0.916666666666667,0.124499048008935,-0.110747145221198
0.1,0.2,2,"choledocholithiasis",0.0451243537986044,0.0752417036743836,0.599725306511995,0.916666666666667,0.654245788922176,-0.0260151358940879
0.1,0.2,3,"acute_cholecystitis",0.0144362165171731,0.126495745058114,0.114124127341524,0.857142857142857,0.133144815231777,-0.109653492454745
0.1,0.2,3,"choledocholithiasis",0.0451243537986044,0.0752417036743836,0.599725306511995,0.857142857142857,0.699679524263994,-0.0225966242426785
0.1,0.2,4,"acute_cholecystitis",0.0144362165171731,0.126495745058114,0.114124127341524,0.8125,0.140460464420337,-0.108728093960055
0.1,0.2,4,"choledocholithiasis",0.0451243537986044,0.0752417036743836,0.599725306511995,0.8125,0.738123454168609,-0.0197040374607166
0.1,0.25,1.25,"acute_cholecystitis",0.0144362165171731,0.126495745058114,0.114124127341524,0.964705882352941,0.118299400293043,-0.111531374278118
0.1,0.25,1.25,"choledocholithiasis",0.0451243537986044,0.0752417036743836,0.599725306511995,0.964705882352941,0.621666476262434,-0.0284664588831473
0.1,0.25,1.5,"acute_cholecystitis",0.0144362165171731,0.126495745058114,0.114124127341524,0.933333333333333,0.122275850723061,-0.111028370218286
0.1,0.25,1.5,"choledocholithiasis",0.0451243537986044,0.0752417036743836,0.599725306511995,0.933333333333333,0.642562828405709,-0.0268941817473075
0.1,0.25,2,"acute_cholecystitis",0.0144362165171731,0.126495745058114,0.114124127341524,0.88,0.12968650834264,-0.110090953561326
0.1,0.25,2,"choledocholithiasis",0.0451243537986044,0.0752417036743836,0.599725306511995,0.88,0.681506030127267,-0.0239640289032422
0.1,0.25,3,"acute_cholecystitis",0.0144362165171731,0.126495745058114,0.114124127341524,0.8,0.142655159176904,-0.108450474411648
0.1,0.25,3,"choledocholithiasis",0.0451243537986044,0.0752417036743836,0.599725306511995,0.8,0.749656633139994,-0.0188362614261281
0.1,0.25,4,"acute_cholecystitis",0.0144362165171731,0.126495745058114,0.114124127341524,0.742857142857143,0.153628632959743,-0.107062376669612
0.1,0.25,4,"choledocholithiasis",0.0451243537986044,0.0752417036743836,0.599725306511995,0.742857142857143,0.807322527996916,-0.0144973812531854
0.1,0.3,1.25,"acute_cholecystitis",0.0144362165171731,0.126495745058114,0.114124127341524,0.953488372093023,0.119691157943549,-0.111355322857176
0.1,0.3,1.25,"choledocholithiasis",0.0451243537986044,0.0752417036743836,0.599725306511995,0.953488372093023,0.62898019951258,-0.0279161618856034
0.1,0.3,1.5,"acute_cholecystitis",0.0144362165171731,0.126495745058114,0.114124127341524,0.91304347826087,0.12499309185024,-0.110684650777401
0.1,0.3,1.5,"choledocholithiasis",0.0451243537986044,0.0752417036743836,0.599725306511995,0.91304347826087,0.65684200237028,-0.0258197923711502
0.1,0.3,2,"acute_cholecystitis",0.0144362165171731,0.126495745058114,0.114124127341524,0.846153846153846,0.134873968676346,-0.109434761901455
0.1,0.3,2,"choledocholithiasis",0.0451243537986044,0.0752417036743836,0.599725306511995,0.846153846153846,0.708766271332358,-0.0219129219123966
0.1,0.3,3,"acute_cholecystitis",0.0144362165171731,0.126495745058114,0.114124127341524,0.75,0.152165503122031,-0.10724745636855
0.1,0.3,3,"choledocholithiasis",0.0451243537986044,0.0752417036743836,0.599725306511995,0.75,0.799633742015993,-0.0150758986095777
0.1,0.3,4,"acute_cholecystitis",0.0144362165171731,0.126495745058114,0.114124127341524,0.684210526315789,0.16679680149915,-0.105396659379169
0.1,0.3,4,"choledocholithiasis",0.0451243537986044,0.0752417036743836,0.599725306511995,0.684210526315789,0.876521601825223,-0.00929072504565409
0.1,0.35,1.25,"acute_cholecystitis",0.0144362165171731,0.126495745058114,0.114124127341524,0.942528735632184,0.121082915594055,-0.111179271436235
0.1,0.35,1.25,"choledocholithiasis",0.0451243537986044,0.0752417036743836,0.599725306511995,0.942528735632184,0.636293922762726,-0.0273658648880594
0.1,0.35,1.5,"acute_cholecystitis",0.0144362165171731,0.126495745058114,0.114124127341524,0.893617021276596,0.127710332977419,-0.110340931336516
0.1,0.35,1.5,"choledocholithiasis",0.0451243537986044,0.0752417036743836,0.599725306511995,0.893617021276596,0.671121176334852,-0.024745402994993
0.1,0.35,2,"acute_cholecystitis",0.0144362165171731,0.126495745058114,0.114124127341524,0.814814814814815,0.140061429010052,-0.108778570241583
0.1,0.35,2,"choledocholithiasis",0.0451243537986044,0.0752417036743836,0.599725306511995,0.814814814814815,0.736026512537448,-0.0198618149215509
0.1,0.35,3,"acute_cholecystitis",0.0144362165171731,0.126495745058114,0.114124127341524,0.705882352941176,0.161675847067158,-0.106044438325452
0.1,0.35,3,"choledocholithiasis",0.0451243537986044,0.0752417036743836,0.599725306511995,0.705882352941176,0.849610850891993,-0.0113155357930274
0.1,0.35,4,"acute_cholecystitis",0.0144362165171731,0.126495745058114,0.114124127341524,0.634146341463415,0.179964970038556,-0.103730942088726
0.1,0.35,4,"choledocholithiasis",0.0451243537986044,0.0752417036743836,0.599725306511995,0.634146341463415,0.94572067565353,-0.00408406883812282
0.1,0.4,1.25,"acute_cholecystitis",0.0144362165171731,0.126495745058114,0.114124127341524,0.931818181818182,0.122474673244562,-0.111003220015294
0.1,0.4,1.25,"choledocholithiasis",0.0451243537986044,0.0752417036743836,0.599725306511995,0.931818181818182,0.643607646012873,-0.0268155678905154
0.1,0.4,1.5,"acute_cholecystitis",0.0144362165171731,0.126495745058114,0.114124127341524,0.875,0.130427574104598,-0.10999721189563
0.1,0.4,1.5,"choledocholithiasis",0.0451243537986044,0.0752417036743836,0.599725306511995,0.875,0.685400350299423,-0.0236710136188357
0.1,0.4,2,"acute_cholecystitis",0.0144362165171731,0.126495745058114,0.114124127341524,0.785714285714286,0.145248889343757,-0.108122378581712
0.1,0.4,2,"choledocholithiasis",0.0451243537986044,0.0752417036743836,0.599725306511995,0.785714285714286,0.763286753742539,-0.0178107079307053
0.1,0.4,3,"acute_cholecystitis",0.0144362165171731,0.126495745058114,0.114124127341524,0.666666666666667,0.171186191012285,-0.104841420282354
0.1,0.4,3,"choledocholithiasis",0.0451243537986044,0.0752417036743836,0.599725306511995,0.666666666666667,0.899587959767992,-0.007555172976477
0.1,0.4,4,"acute_cholecystitis",0.0144362165171731,0.126495745058114,0.114124127341524,0.590909090909091,0.193133138577963,-0.102065224798283
0.1,0.4,4,"choledocholithiasis",0.0451243537986044,0.0752417036743836,0.599725306511995,0.590909090909091,1.01491974948184,0.00112258736940848
0.1,0.45,1.25,"acute_cholecystitis",0.0144362165171731,0.126495745058114,0.114124127341524,0.921348314606741,0.123866430895068,-0.110827168594353
0.1,0.45,1.25,"choledocholithiasis",0.0451243537986044,0.0752417036743836,0.599725306511995,0.921348314606741,0.650921369263019,-0.0262652708929715
0.1,0.45,1.5,"acute_cholecystitis",0.0144362165171731,0.126495745058114,0.114124127341524,0.857142857142857,0.133144815231777,-0.109653492454745
0.1,0.45,1.5,"choledocholithiasis",0.0451243537986044,0.0752417036743836,0.599725306511995,0.857142857142857,0.699679524263994,-0.0225966242426785
0.1,0.45,2,"acute_cholecystitis",0.0144362165171731,0.126495745058114,0.114124127341524,0.758620689655172,0.150436349677463,-0.10746618692184
0.1,0.45,2,"choledocholithiasis",0.0451243537986044,0.0752417036743836,0.599725306511995,0.758620689655172,0.79054699494763,-0.0157596009398596
0.1,0.45,3,"acute_cholecystitis",0.0144362165171731,0.126495745058114,0.114124127341524,0.631578947368421,0.180696534957412,-0.103638402239257
0.1,0.45,3,"choledocholithiasis",0.0451243537986044,0.0752417036743836,0.599725306511995,0.631578947368421,0.949565068643992,-0.00379481015992663
0.1,0.45,4,"acute_cholecystitis",0.0144362165171731,0.126495745058114,0.114124127341524,0.553191489361702,0.206301307117369,-0.10039950750784
0.1,0.45,4,"choledocholithiasis",0.0451243537986044,0.0752417036743836,0.599725306511995,0.553191489361702,1.08411882331014,0.00632924357693973
0.1,0.5,1.25,"acute_cholecystitis",0.0144362165171731,0.126495745058114,0.114124127341524,0.911111111111111,0.125258188545575,-0.110651117173412
0.1,0.5,1.25,"choledocholithiasis",0.0451243537986044,0.0752417036743836,0.599725306511995,0.911111111111111,0.658235092513165,-0.0257149738954275
0.1,0.5,1.5,"acute_cholecystitis",0.0144362165171731,0.126495745058114,0.114124127341524,0.84,0.135862056358957,-0.10930977301386
0.1,0.5,1.5,"choledocholithiasis",0.0451243537986044,0.0752417036743836,0.599725306511995,0.84,0.713958698228565,-0.0215222348665212
0.1,0.5,2,"acute_cholecystitis",0.0144362165171731,0.126495745058114,0.114124127341524,0.733333333333333,0.155623810011168,-0.106809995261969
0.1,0.5,2,"choledocholithiasis",0.0451243537986044,0.0752417036743836,0.599725306511995,0.733333333333333,0.81780723615272,-0.013708493949014
0.1,0.5,3,"acute_cholecystitis",0.0144362165171731,0.126495745058114,0.114124127341524,0.6,0.190206878902539,-0.102435384196159
0.1,0.5,3,"choledocholithiasis",0.0451243537986044,0.0752417036743836,0.599725306511995,0.6,0.999542177519992,-3.44473433762607e-05
0.1,0.5,4,"acute_cholecystitis",0.0144362165171731,0.126495745058114,0.114124127341524,0.52,0.219469475656776,-0.0987337902173965
0.1,0.5,4,"choledocholithiasis",0.0451243537986044,0.0752417036743836,0.599725306511995,0.52,1.15331789713845,0.011535899784471
0.15,0.05,1.25,"acute_cholecystitis",0.0144362165171731,0.126495745058114,0.114124127341524,1.02469135802469,0.111374148369439,-0.112407389179909
0.15,0.05,1.25,"choledocholithiasis",0.0451243537986044,0.0752417036743836,0.599725306511995,1.02469135802469,0.585274094306887,-0.0312046837022516
0.15,0.05,1.5,"acute_cholecystitis",0.0144362165171731,0.126495745058114,0.114124127341524,1.04878048780488,0.108816028395406,-0.112730980471972
0.15,0.05,1.5,"choledocholithiasis",0.0451243537986044,0.0752417036743836,0.599725306511995,1.04878048780488,0.571831106209111,-0.0322161570292027
0.15,0.05,2,"acute_cholecystitis",0.0144362165171731,0.126495745058114,0.114124127341524,1.0952380952381,0.104200290181391,-0.113314851716347
0.15,0.05,2,"choledocholithiasis",0.0451243537986044,0.0752417036743836,0.599725306511995,1.0952380952381,0.547575279858778,-0.0340412067278318
0.15,0.05,3,"acute_cholecystitis",0.0144362165171731,0.126495745058114,0.114124127341524,1.18181818181818,0.0965665692889815,-0.114280484928198
0.15,0.05,3,"choledocholithiasis",0.0451243537986044,0.0752417036743836,0.599725306511995,1.18181818181818,0.507459874740919,-0.0370595581524876
0.15,0.05,4,"acute_cholecystitis",0.0144362165171731,0.126495745058114,0.114124127341524,1.26086956521739,0.0905122389260359,-0.115046331958287
0.15,0.05,4,"choledocholithiasis",0.0451243537986044,0.0752417036743836,0.599725306511995,1.26086956521739,0.475644208612961,-0.0394534230754905
0.15,0.1,1.25,"acute_cholecystitis",0.0144362165171731,0.126495745058114,0.114124127341524,1.01219512195122,0.112749137855481,-0.112233458860425
0.15,0.1,1.25,"choledocholithiasis",0.0451243537986044,0.0752417036743836,0.599725306511995,1.01219512195122,0.592499700409441,-0.0306610167890154
0.15,0.1,1.5,"acute_cholecystitis",0.0144362165171731,0.126495745058114,0.114124127341524,1.02380952380952,0.111470077868465,-0.112395254506457
0.15,0.1,1.5,"choledocholithiasis",0.0451243537986044,0.0752417036743836,0.599725306511995,1.02380952380952,0.585778206360553,-0.0311667534524909
0.15,0.1,2,"acute_cholecystitis",0.0144362165171731,0.126495745058114,0.114124127341524,1.04545454545455,0.109162208761457,-0.112687190128644
0.15,0.1,2,"choledocholithiasis",0.0451243537986044,0.0752417036743836,0.599725306511995,1.04545454545455,0.573650293185387,-0.0320792783018055
0.15,0.1,3,"acute_cholecystitis",0.0144362165171731,0.126495745058114,0.114124127341524,1.08333333333333,0.105345348315252,-0.11317000673457
0.15,0.1,3,"choledocholithiasis",0.0451243537986044,0.0752417036743836,0.599725306511995,1.08333333333333,0.553592590626457,-0.0335884540141334
0.15,0.1,4,"acute_cholecystitis",0.0144362165171731,0.126495745058114,0.114124127341524,1.11538461538462,0.10231818313378,-0.113552930249614
0.15,0.1,4,"choledocholithiasis",0.0451243537986044,0.0752417036743836,0.599725306511995,1.11538461538462,0.537684757562478,-0.0347853864756348
0.15,0.15,1.25,"acute_cholecystitis",0.0144362165171731,0.126495745058114,0.114124127341524,1,0.114124127341524,-0.112059528540941
0.15,0.15,1.25,"choledocholithiasis",0.0451243537986044,0.0752417036743836,0.599725306511995,1,0.599725306511995,-0.0301173498757792
0.15,0.15,1.5,"acute_cholecystitis",0.0144362165171731,0.126495745058114,0.114124127341524,1,0.114124127341524,-0.112059528540941
0.15,0.15,1.5,"choledocholithiasis",0.0451243537986044,0.0752417036743836,0.599725306511995,1,0.599725306511995,-0.0301173498757792
0.15,0.15,2,"acute_cholecystitis",0.0144362165171731,0.126495745058114,0.114124127341524,1,0.114124127341524,-0.112059528540941
0.15,0.15,2,"choledocholithiasis",0.0451243537986044,0.0752417036743836,0.599725306511995,1,0.599725306511995,-0.0301173498757792
0.15,0.15,3,"acute_cholecystitis",0.0144362165171731,0.126495745058114,0.114124127341524,1,0.114124127341524,-0.112059528540941
0.15,0.15,3,"choledocholithiasis",0.0451243537986044,0.0752417036743836,0.599725306511995,1,0.599725306511995,-0.0301173498757792
0.15,0.15,4,"acute_cholecystitis",0.0144362165171731,0.126495745058114,0.114124127341524,1,0.114124127341524,-0.112059528540941
0.15,0.15,4,"choledocholithiasis",0.0451243537986044,0.0752417036743836,0.599725306511995,1,0.599725306511995,-0.0301173498757792
0.15,0.2,1.25,"acute_cholecystitis",0.0144362165171731,0.126495745058114,0.114124127341524,0.988095238095238,0.115499116827566,-0.111885598221457
0.15,0.2,1.25,"choledocholithiasis",0.0451243537986044,0.0752417036743836,0.599725306511995,0.988095238095238,0.606950912614549,-0.029573682962543
0.15,0.2,1.5,"acute_cholecystitis",0.0144362165171731,0.126495745058114,0.114124127341524,0.977272727272727,0.116778176814582,-0.111723802575425
0.15,0.2,1.5,"choledocholithiasis",0.0451243537986044,0.0752417036743836,0.599725306511995,0.977272727272727,0.613672406663437,-0.0290679462990675
0.15,0.2,2,"acute_cholecystitis",0.0144362165171731,0.126495745058114,0.114124127341524,0.958333333333333,0.11908604592159,-0.111431866953238
0.15,0.2,2,"choledocholithiasis",0.0451243537986044,0.0752417036743836,0.599725306511995,0.958333333333333,0.625800319838604,-0.0281554214497529
0.15,0.2,3,"acute_cholecystitis",0.0144362165171731,0.126495745058114,0.114124127341524,0.928571428571429,0.122902906367795,-0.110949050347312
0.15,0.2,3,"choledocholithiasis",0.0451243537986044,0.0752417036743836,0.599725306511995,0.928571428571429,0.645858022397533,-0.026646245737425
0.15,0.2,4,"acute_cholecystitis",0.0144362165171731,0.126495745058114,0.114124127341524,0.90625,0.125930071549267,-0.110566126832268
0.15,0.2,4,"choledocholithiasis",0.0451243537986044,0.0752417036743836,0.599725306511995,0.90625,0.661765855461512,-0.0254493132759236
0.15,0.25,1.25,"acute_cholecystitis",0.0144362165171731,0.126495745058114,0.114124127341524,0.976470588235294,0.116874106313608,-0.111711667901973
0.15,0.25,1.25,"choledocholithiasis",0.0451243537986044,0.0752417036743836,0.599725306511995,0.976470588235294,0.614176518717103,-0.0290300160493068
0.15,0.25,1.5,"acute_cholecystitis",0.0144362165171731,0.126495745058114,0.114124127341524,0.955555555555555,0.119432226287641,-0.11138807660991
0.15,0.25,1.5,"choledocholithiasis",0.0451243537986044,0.0752417036743836,0.599725306511995,0.955555555555555,0.627619506814878,-0.0280185427223557
0.15,0.25,2,"acute_cholecystitis",0.0144362165171731,0.126495745058114,0.114124127341524,0.92,0.124047964501656,-0.110804205365535
0.15,0.25,2,"choledocholithiasis",0.0451243537986044,0.0752417036743836,0.599725306511995,0.92,0.651875333165212,-0.0261934930237266
0.15,0.25,3,"acute_cholecystitis",0.0144362165171731,0.126495745058114,0.114124127341524,0.866666666666667,0.131681685394066,-0.109838572153684
0.15,0.25,3,"choledocholithiasis",0.0451243537986044,0.0752417036743836,0.599725306511995,0.866666666666667,0.691990738283071,-0.0231751415990708
0.15,0.25,4,"acute_cholecystitis",0.0144362165171731,0.126495745058114,0.114124127341524,0.828571428571429,0.137736015757011,-0.109072725123595
0.15,0.25,4,"choledocholithiasis",0.0451243537986044,0.0752417036743836,0.599725306511995,0.828571428571429,0.723806404411028,-0.0207812766760679
0.15,0.3,1.25,"acute_cholecystitis",0.0144362165171731,0.126495745058114,0.114124127341524,0.965116279069768,0.118249095799651,-0.111537737582489
0.15,0.3,1.25,"choledocholithiasis",0.0451243537986044,0.0752417036743836,0.599725306511995,0.965116279069768,0.621402124819657,-0.0284863491360706
0.15,0.3,1.5,"acute_cholecystitis",0.0144362165171731,0.126495745058114,0.114124127341524,0.934782608695652,0.1220862757607,-0.111052350644394
0.15,0.3,1.5,"choledocholithiasis",0.0451243537986044,0.0752417036743836,0.599725306511995,0.934782608695652,0.64156660696632,-0.026969139145644
0.15,0.3,2,"acute_cholecystitis",0.0144362165171731,0.126495745058114,0.114124127341524,0.884615384615384,0.129009883081722,-0.110176543777831
0.15,0.3,2,"choledocholithiasis",0.0451243537986044,0.0752417036743836,0.599725306511995,0.884615384615384,0.677950346491821,-0.0242315645977004
0.15,0.3,3,"acute_cholecystitis",0.0144362165171731,0.126495745058114,0.114124127341524,0.8125,0.140460464420337,-0.108728093960055
0.15,0.3,3,"choledocholithiasis",0.0451243537986044,0.0752417036743836,0.599725306511995,0.8125,0.738123454168609,-0.0197040374607166
0.15,0.3,4,"acute_cholecystitis",0.0144362165171731,0.126495745058114,0.114124127341524,0.763157894736842,0.149541959964755,-0.107579323414922
0.15,0.3,4,"choledocholithiasis",0.0451243537986044,0.0752417036743836,0.599725306511995,0.763157894736842,0.785846953360545,-0.0161132400762123
0.15,0.35,1.25,"acute_cholecystitis",0.0144362165171731,0.126495745058114,0.114124127341524,0.954022988505747,0.119624085285693,-0.111363807263005
0.15,0.35,1.25,"choledocholithiasis",0.0451243537986044,0.0752417036743836,0.599725306511995,0.954022988505747,0.628627730922211,-0.0279426822228344
0.15,0.35,1.5,"acute_cholecystitis",0.0144362165171731,0.126495745058114,0.114124127341524,0.914893617021276,0.124740325233758,-0.110716624678878
0.15,0.35,1.5,"choledocholithiasis",0.0451243537986044,0.0752417036743836,0.599725306511995,0.914893617021276,0.655513707117762,-0.0259197355689323
0.15,0.35,2,"acute_cholecystitis",0.0144362165171731,0.126495745058114,0.114124127341524,0.851851851851852,0.133971801661789,-0.109548882190128
0.15,0.35,2,"choledocholithiasis",0.0451243537986044,0.0752417036743836,0.599725306511995,0.851851851851852,0.704025359818429,-0.0222696361716741
0.15,0.35,3,"acute_cholecystitis",0.0144362165171731,0.126495745058114,0.114124127341524,0.764705882352941,0.149239243446608,-0.107617615766426
0.15,0.35,3,"choledocholithiasis",0.0451243537986044,0.0752417036743836,0.599725306511995,0.764705882352941,0.784256170054147,-0.0162329333223625
0.15,0.35,4,"acute_cholecystitis",0.0144362165171731,0.126495745058114,0.114124127341524,0.707317073170732,0.161347904172499,-0.106085921706249
0.15,0.35,4,"choledocholithiasis",0.0451243537986044,0.0752417036743836,0.599725306511995,0.707317073170732,0.847887502310062,-0.0114452034763567
0.15,0.4,1.25,"acute_cholecystitis",0.0144362165171731,0.126495745058114,0.114124127341524,0.943181818181818,0.120999074771736,-0.111189876943521
0.15,0.4,1.25,"choledocholithiasis",0.0451243537986044,0.0752417036743836,0.599725306511995,0.943181818181818,0.635853337024766,-0.0273990153095982
0.15,0.4,1.5,"acute_cholecystitis",0.0144362165171731,0.126495745058114,0.114124127341524,0.895833333333333,0.127394374706817,-0.110380898713363
0.15,0.4,1.5,"choledocholithiasis",0.0451243537986044,0.0752417036743836,0.599725306511995,0.895833333333333,0.669460807269204,-0.0248703319922205
0.15,0.4,2,"acute_cholecystitis",0.0144362165171731,0.126495745058114,0.114124127341524,0.821428571428571,0.138933720241855,-0.108921220602425
0.15,0.4,2,"choledocholithiasis",0.0451243537986044,0.0752417036743836,0.599725306511995,0.821428571428571,0.730100373145037,-0.0203077077456478
0.15,0.4,3,"acute_cholecystitis",0.0144362165171731,0.126495745058114,0.114124127341524,0.722222222222222,0.158018022472879,-0.106507137572797
0.15,0.4,3,"choledocholithiasis",0.0451243537986044,0.0752417036743836,0.599725306511995,0.722222222222222,0.830388885939685,-0.0127618291840083
0.15,0.4,4,"acute_cholecystitis",0.0144362165171731,0.126495745058114,0.114124127341524,0.659090909090909,0.173153848380243,-0.104592519997576
0.15,0.4,4,"choledocholithiasis",0.0451243537986044,0.0752417036743836,0.599725306511995,0.659090909090909,0.909928051259578,-0.00677716687650107
0.15,0.45,1.25,"acute_cholecystitis",0.0144362165171731,0.126495745058114,0.114124127341524,0.932584269662921,0.122374064257778,-0.111015946624037
0.15,0.45,1.25,"choledocholithiasis",0.0451243537986044,0.0752417036743836,0.599725306511995,0.932584269662921,0.64307894312732,-0.026855348396362
0.15,0.45,1.5,"acute_cholecystitis",0.0144362165171731,0.126495745058114,0.114124127341524,0.877551020408163,0.130048424179876,-0.110045172747847
0.15,0.45,1.5,"choledocholithiasis",0.0451243537986044,0.0752417036743836,0.599725306511995,0.877551020408163,0.683407907420645,-0.0238209284155088
0.15,0.45,2,"acute_cholecystitis",0.0144362165171731,0.126495745058114,0.114124127341524,0.793103448275862,0.143895638821921,-0.108293559014722
0.15,0.45,2,"choledocholithiasis",0.0451243537986044,0.0752417036743836,0.599725306511995,0.793103448275862,0.756175386471646,-0.0183457793196215
0.15,0.45,3,"acute_cholecystitis",0.0144362165171731,0.126495745058114,0.114124127341524,0.684210526315789,0.16679680149915,-0.105396659379169
0.15,0.45,3,"choledocholithiasis",0.0451243537986044,0.0752417036743836,0.599725306511995,0.684210526315789,0.876521601825223,-0.00929072504565409
0.15,0.45,4,"acute_cholecystitis",0.0144362165171731,0.126495745058114,0.114124127341524,0.617021276595745,0.184959792587986,-0.103099118288902
0.15,0.45,4,"choledocholithiasis",0.0451243537986044,0.0752417036743836,0.599725306511995,0.617021276595745,0.971968600209095,-0.00210913027664543
0.15,0.5,1.25,"acute_cholecystitis",0.0144362165171731,0.126495745058114,0.114124127341524,0.922222222222222,0.123749053743821,-0.110842016304553
0.15,0.5,1.25,"choledocholithiasis",0.0451243537986044,0.0752417036743836,0.599725306511995,0.922222222222222,0.650304549229874,-0.0263116814831258
0.15,0.5,1.5,"acute_cholecystitis",0.0144362165171731,0.126495745058114,0.114124127341524,0.86,0.132702473652934,-0.109709446782331
0.15,0.5,1.5,"choledocholithiasis",0.0451243537986044,0.0752417036743836,0.599725306511995,0.86,0.697355007572087,-0.0227715248387971
0.15,0.5,2,"acute_cholecystitis",0.0144362165171731,0.126495745058114,0.114124127341524,0.766666666666667,0.148857557401987,-0.107665897427019
0.15,0.5,2,"choledocholithiasis",0.0451243537986044,0.0752417036743836,0.599725306511995,0.766666666666667,0.782250399798254,-0.0163838508935952
0.15,0.5,3,"acute_cholecystitis",0.0144362165171731,0.126495745058114,0.114124127341524,0.65,0.175575580525421,-0.10428618118554
0.15,0.5,3,"choledocholithiasis",0.0451243537986044,0.0752417036743836,0.599725306511995,0.65,0.922654317710761,-0.00581962090729991
0.15,0.5,4,"acute_cholecystitis",0.0144362165171731,0.126495745058114,0.114124127341524,0.58,0.19676573679573,-0.101605716580229
0.15,0.5,4,"choledocholithiasis",0.0451243537986044,0.0752417036743836,0.599725306511995,0.58,1.03400914915861,0.00255890632321019
0.2,0.05,1.25,"acute_cholecystitis",0.0144362165171731,0.126495745058114,0.114124127341524,1.03703703703704,0.110048265650755,-0.112575107702269
0.2,0.05,1.25,"choledocholithiasis",0.0451243537986044,0.0752417036743836,0.599725306511995,1.03703703703704,0.578306545565138,-0.0317289339400151
0.2,0.05,1.5,"acute_cholecystitis",0.0144362165171731,0.126495745058114,0.114124127341524,1.07317073170732,0.106342936840965,-0.113043816030748
0.2,0.05,1.5,"choledocholithiasis",0.0451243537986044,0.0752417036743836,0.599725306511995,1.07317073170732,0.558834944704359,-0.0331940103620477
0.2,0.05,2,"acute_cholecystitis",0.0144362165171731,0.126495745058114,0.114124127341524,1.14285714285714,0.0998586114238331,-0.113864055605588
0.2,0.05,2,"choledocholithiasis",0.0451243537986044,0.0752417036743836,0.599725306511995,1.14285714285714,0.524759643197996,-0.0357578941006047
0.2,0.05,3,"acute_cholecystitis",0.0144362165171731,0.126495745058114,0.114124127341524,1.27272727272727,0.0896689571969114,-0.115153003508907
0.2,0.05,3,"choledocholithiasis",0.0451243537986044,0.0752417036743836,0.599725306511995,1.27272727272727,0.471212740830853,-0.0397868542611944
0.2,0.05,4,"acute_cholecystitis",0.0144362165171731,0.126495745058114,0.114124127341524,1.39130434782609,0.08202671652672,-0.116119714436396
0.2,0.05,4,"choledocholithiasis",0.0451243537986044,0.0752417036743836,0.599725306511995,1.39130434782609,0.431052564055496,-0.0428085743816367
0.2,0.1,1.25,"acute_cholecystitis",0.0144362165171731,0.126495745058114,0.114124127341524,1.02439024390244,0.111406886214344,-0.112403247981826
0.2,0.1,1.25,"choledocholithiasis",0.0451243537986044,0.0752417036743836,0.599725306511995,1.02439024390244,0.585446132547424,-0.0311917392519364
0.2,0.1,1.5,"acute_cholecystitis",0.0144362165171731,0.126495745058114,0.114124127341524,1.04761904761905,0.108936667007818,-0.112715720200812
0.2,0.1,1.5,"choledocholithiasis",0.0451243537986044,0.0752417036743836,0.599725306511995,1.04761904761905,0.572465065306904,-0.0321684568666249
0.2,0.1,2,"acute_cholecystitis",0.0144362165171731,0.126495745058114,0.114124127341524,1.09090909090909,0.104613783396397,-0.113262546584039
0.2,0.1,2,"choledocholithiasis",0.0451243537986044,0.0752417036743836,0.599725306511995,1.09090909090909,0.549748197635995,-0.0338777126923296
0.2,0.1,3,"acute_cholecystitis",0.0144362165171731,0.126495745058114,0.114124127341524,1.16666666666667,0.0978206805784487,-0.114121845186251
0.2,0.1,3,"choledocholithiasis",0.0451243537986044,0.0752417036743836,0.599725306511995,1.16666666666667,0.514050262724567,-0.0365636861327227
0.2,0.1,4,"acute_cholecystitis",0.0144362165171731,0.126495745058114,0.114124127341524,1.23076923076923,0.0927258534649879,-0.114766319137911
0.2,0.1,4,"choledocholithiasis",0.0451243537986044,0.0752417036743836,0.599725306511995,1.23076923076923,0.487276811540996,-0.0385781662130175
0.2,0.15,1.25,"acute_cholecystitis",0.0144362165171731,0.126495745058114,0.114124127341524,1.01204819277108,0.112765506777934,-0.112231388261383
0.2,0.15,1.25,"choledocholithiasis",0.0451243537986044,0.0752417036743836,0.599725306511995,1.01204819277108,0.592585719529709,-0.0306545445638578
0.2,0.15,1.5,"acute_cholecystitis",0.0144362165171731,0.126495745058114,0.114124127341524,1.02325581395349,0.111530397174671,-0.112387624370877
0.2,0.15,1.5,"choledocholithiasis",0.0451243537986044,0.0752417036743836,0.599725306511995,1.02325581395349,0.58609518590945,-0.031142903371202
0.2,0.15,2,"acute_cholecystitis",0.0144362165171731,0.126495745058114,0.114124127341524,1.04347826086957,0.10936895536896,-0.11266103756249
0.2,0.15,2,"choledocholithiasis",0.0451243537986044,0.0752417036743836,0.599725306511995,1.04347826086957,0.574736752073995,-0.0319975312840544
0.2,0.15,3,"acute_cholecystitis",0.0144362165171731,0.126495745058114,0.114124127341524,1.07692307692308,0.105972403959986,-0.113090686863596
0.2,0.15,3,"choledocholithiasis",0.0451243537986044,0.0752417036743836,0.599725306511995,1.07692307692308,0.556887784618281,-0.0333405180042509
0.2,0.15,4,"acute_cholecystitis",0.0144362165171731,0.126495745058114,0.114124127341524,1.10344827586207,0.103424990403256,-0.113412923839426
0.2,0.15,4,"choledocholithiasis",0.0451243537986044,0.0752417036743836,0.599725306511995,1.10344827586207,0.543501059026495,-0.0343477580443984
0.2,0.2,1.25,"acute_cholecystitis",0.0144362165171731,0.126495745058114,0.114124127341524,1,0.114124127341524,-0.112059528540941
0.2,0.2,1.25,"choledocholithiasis",0.0451243537986044,0.0752417036743836,0.599725306511995,1,0.599725306511995,-0.0301173498757792
0.2,0.2,1.5,"acute_cholecystitis",0.0144362165171731,0.126495745058114,0.114124127341524,1,0.114124127341524,-0.112059528540941
0.2,0.2,1.5,"choledocholithiasis",0.0451243537986044,0.0752417036743836,0.599725306511995,1,0.599725306511995,-0.0301173498757792
0.2,0.2,2,"acute_cholecystitis",0.0144362165171731,0.126495745058114,0.114124127341524,1,0.114124127341524,-0.112059528540941
0.2,0.2,2,"choledocholithiasis",0.0451243537986044,0.0752417036743836,0.599725306511995,1,0.599725306511995,-0.0301173498757792
0.2,0.2,3,"acute_cholecystitis",0.0144362165171731,0.126495745058114,0.114124127341524,1,0.114124127341524,-0.112059528540941
0.2,0.2,3,"choledocholithiasis",0.0451243537986044,0.0752417036743836,0.599725306511995,1,0.599725306511995,-0.0301173498757792
0.2,0.2,4,"acute_cholecystitis",0.0144362165171731,0.126495745058114,0.114124127341524,1,0.114124127341524,-0.112059528540941
0.2,0.2,4,"choledocholithiasis",0.0451243537986044,0.0752417036743836,0.599725306511995,1,0.599725306511995,-0.0301173498757792
0.2,0.25,1.25,"acute_cholecystitis",0.0144362165171731,0.126495745058114,0.114124127341524,0.988235294117647,0.115482747905113,-0.111887668820498
0.2,0.25,1.25,"choledocholithiasis",0.0451243537986044,0.0752417036743836,0.599725306511995,0.988235294117647,0.606864893494281,-0.0295801551877006
0.2,0.25,1.5,"acute_cholecystitis",0.0144362165171731,0.126495745058114,0.114124127341524,0.977777777777778,0.116717857508376,-0.111731432711005
0.2,0.25,1.5,"choledocholithiasis",0.0451243537986044,0.0752417036743836,0.599725306511995,0.977777777777778,0.61335542711454,-0.0290917963803564
0.2,0.25,2,"acute_cholecystitis",0.0144362165171731,0.126495745058114,0.114124127341524,0.96,0.118879299314087,-0.111458019519392
0.2,0.25,2,"choledocholithiasis",0.0451243537986044,0.0752417036743836,0.599725306511995,0.96,0.624713860949995,-0.028237168467504
0.2,0.25,3,"acute_cholecystitis",0.0144362165171731,0.126495745058114,0.114124127341524,0.933333333333333,0.122275850723061,-0.111028370218286
0.2,0.25,3,"choledocholithiasis",0.0451243537986044,0.0752417036743836,0.599725306511995,0.933333333333333,0.642562828405709,-0.0268941817473074
0.2,0.25,4,"acute_cholecystitis",0.0144362165171731,0.126495745058114,0.114124127341524,0.914285714285714,0.124823264279791,-0.110706133242456
0.2,0.25,4,"choledocholithiasis",0.0451243537986044,0.0752417036743836,0.599725306511995,0.914285714285714,0.655949553997494,-0.02588694170716
0.2,0.3,1.25,"acute_cholecystitis",0.0144362165171731,0.126495745058114,0.114124127341524,0.976744186046512,0.116841368468703,-0.111715809100056
0.2,0.3,1.25,"choledocholithiasis",0.0451243537986044,0.0752417036743836,0.599725306511995,0.976744186046512,0.614004480476566,-0.029042960499622
0.2,0.3,1.5,"acute_cholecystitis",0.0144362165171731,0.126495745058114,0.114124127341524,0.956521739130435,0.119311587675229,-0.111403336881069
0.2,0.3,1.5,"choledocholithiasis",0.0451243537986044,0.0752417036743836,0.599725306511995,0.956521739130435,0.626985547717086,-0.0280662428849335
0.2,0.3,2,"acute_cholecystitis",0.0144362165171731,0.126495745058114,0.114124127341524,0.923076923076923,0.123634471286651,-0.110856510497843
0.2,0.3,2,"choledocholithiasis",0.0451243537986044,0.0752417036743836,0.599725306511995,0.923076923076923,0.649702415387995,-0.0263569870592288
0.2,0.3,3,"acute_cholecystitis",0.0144362165171731,0.126495745058114,0.114124127341524,0.875,0.130427574104598,-0.10999721189563
0.2,0.3,3,"choledocholithiasis",0.0451243537986044,0.0752417036743836,0.599725306511995,0.875,0.685400350299423,-0.0236710136188357
0.2,0.3,4,"acute_cholecystitis",0.0144362165171731,0.126495745058114,0.114124127341524,0.842105263157895,0.135522401218059,-0.109352737943971
0.2,0.3,4,"choledocholithiasis",0.0451243537986044,0.0752417036743836,0.599725306511995,0.842105263157895,0.712173801482994,-0.0216565335385409
0.2,0.35,1.25,"acute_cholecystitis",0.0144362165171731,0.126495745058114,0.114124127341524,0.96551724137931,0.118199989032292,-0.111543949379613
0.2,0.35,1.25,"choledocholithiasis",0.0451243537986044,0.0752417036743836,0.599725306511995,0.96551724137931,0.621144067458852,-0.0285057658115433
0.2,0.35,1.5,"acute_cholecystitis",0.0144362165171731,0.126495745058114,0.114124127341524,0.936170212765957,0.121905317842082,-0.111075241051134
0.2,0.35,1.5,"choledocholithiasis",0.0451243537986044,0.0752417036743836,0.599725306511995,0.936170212765957,0.640615668319631,-0.0270406893895107
0.2,0.35,2,"acute_cholecystitis",0.0144362165171731,0.126495745058114,0.114124127341524,0.888888888888889,0.128389643259214,-0.110255001476294
0.2,0.35,2,"choledocholithiasis",0.0451243537986044,0.0752417036743836,0.599725306511995,0.888888888888889,0.674690969825994,-0.0244768056509536
0.2,0.35,3,"acute_cholecystitis",0.0144362165171731,0.126495745058114,0.114124127341524,0.823529411764706,0.138579297486136,-0.108966053572975
0.2,0.35,3,"choledocholithiasis",0.0451243537986044,0.0752417036743836,0.599725306511995,0.823529411764706,0.728237872193137,-0.020447845490364
0.2,0.35,4,"acute_cholecystitis",0.0144362165171731,0.126495745058114,0.114124127341524,0.780487804878049,0.146221538156327,-0.107999342645486
0.2,0.35,4,"choledocholithiasis",0.0451243537986044,0.0752417036743836,0.599725306511995,0.780487804878049,0.768398048968493,-0.0174261253699217
0.2,0.4,1.25,"acute_cholecystitis",0.0144362165171731,0.126495745058114,0.114124127341524,0.954545454545454,0.119558609595882,-0.111372089659171
0.2,0.4,1.25,"choledocholithiasis",0.0451243537986044,0.0752417036743836,0.599725306511995,0.954545454545454,0.628283654441138,-0.0279685711234647
0.2,0.4,1.5,"acute_cholecystitis",0.0144362165171731,0.126495745058114,0.114124127341524,0.916666666666667,0.124499048008935,-0.110747145221198
0.2,0.4,1.5,"choledocholithiasis",0.0451243537986044,0.0752417036743836,0.599725306511995,0.916666666666667,0.654245788922176,-0.0260151358940879
0.2,0.4,2,"acute_cholecystitis",0.0144362165171731,0.126495745058114,0.114124127341524,0.857142857142857,0.133144815231777,-0.109653492454745
0.2,0.4,2,"choledocholithiasis",0.0451243537986044,0.0752417036743836,0.599725306511995,0.857142857142857,0.699679524263994,-0.0225966242426785
0.2,0.4,3,"acute_cholecystitis",0.0144362165171731,0.126495745058114,0.114124127341524,0.777777777777778,0.146731020867673,-0.10793489525032
0.2,0.4,3,"choledocholithiasis",0.0451243537986044,0.0752417036743836,0.599725306511995,0.777777777777778,0.771075394086851,-0.0172246773618922
0.2,0.4,4,"acute_cholecystitis",0.0144362165171731,0.126495745058114,0.114124127341524,0.727272727272727,0.156920675094595,-0.106645947347001
0.2,0.4,4,"choledocholithiasis",0.0451243537986044,0.0752417036743836,0.599725306511995,0.727272727272727,0.824622296453993,-0.0131957172013025
0.2,0.45,1.25,"acute_cholecystitis",0.0144362165171731,0.126495745058114,0.114124127341524,0.943820224719101,0.120917230159471,-0.111200229938728
0.2,0.45,1.25,"choledocholithiasis",0.0451243537986044,0.0752417036743836,0.599725306511995,0.943820224719101,0.635423241423423,-0.0274313764353861
0.2,0.45,1.5,"acute_cholecystitis",0.0144362165171731,0.126495745058114,0.114124127341524,0.897959183673469,0.127092778175788,-0.110419049391262
0.2,0.45,1.5,"choledocholithiasis",0.0451243537986044,0.0752417036743836,0.599725306511995,0.897959183673469,0.667875909524722,-0.0249895823986651
0.2,0.45,2,"acute_cholecystitis",0.0144362165171731,0.126495745058114,0.114124127341524,0.827586206896552,0.137899987204341,-0.109051983433197
0.2,0.45,2,"choledocholithiasis",0.0451243537986044,0.0752417036743836,0.599725306511995,0.827586206896552,0.724668078701994,-0.0207164428344033
0.2,0.45,3,"acute_cholecystitis",0.0144362165171731,0.126495745058114,0.114124127341524,0.736842105263158,0.154882744249211,-0.106903736927665
0.2,0.45,3,"choledocholithiasis",0.0451243537986044,0.0752417036743836,0.599725306511995,0.736842105263158,0.813912915980565,-0.0140015092334205
0.2,0.45,4,"acute_cholecystitis",0.0144362165171731,0.126495745058114,0.114124127341524,0.680851063829787,0.167619812032863,-0.105292552048516
0.2,0.45,4,"choledocholithiasis",0.0451243537986044,0.0752417036743836,0.599725306511995,0.680851063829787,0.880846543939493,-0.00896530903268339
0.2,0.5,1.25,"acute_cholecystitis",0.0144362165171731,0.126495745058114,0.114124127341524,0.933333333333333,0.122275850723061,-0.111028370218286
0.2,0.5,1.25,"choledocholithiasis",0.0451243537986044,0.0752417036743836,0.599725306511995,0.933333333333333,0.642562828405709,-0.0268941817473075
0.2,0.5,1.5,"acute_cholecystitis",0.0144362165171731,0.126495745058114,0.114124127341524,0.88,0.12968650834264,-0.110090953561326
0.2,0.5,1.5,"choledocholithiasis",0.0451243537986044,0.0752417036743836,0.599725306511995,0.88,0.681506030127267,-0.0239640289032422
0.2,0.5,2,"acute_cholecystitis",0.0144362165171731,0.126495745058114,0.114124127341524,0.8,0.142655159176904,-0.108450474411648
0.2,0.5,2,"choledocholithiasis",0.0451243537986044,0.0752417036743836,0.599725306511995,0.8,0.749656633139994,-0.0188362614261281
0.2,0.5,3,"acute_cholecystitis",0.0144362165171731,0.126495745058114,0.114124127341524,0.7,0.163034467630748,-0.10587257860501
0.2,0.5,3,"choledocholithiasis",0.0451243537986044,0.0752417036743836,0.599725306511995,0.7,0.856750437874279,-0.0107783411049487
0.2,0.5,4,"acute_cholecystitis",0.0144362165171731,0.126495745058114,0.114124127341524,0.64,0.178318948971131,-0.103939156750031
0.2,0.5,4,"choledocholithiasis",0.0451243537986044,0.0752417036743836,0.599725306511995,0.64,0.937070791424992,-0.00473490086406423
0.25,0.05,1.25,"acute_cholecystitis",0.0144362165171731,0.126495745058114,0.114124127341524,1.04938271604938,0.108753580172511,-0.112738879906455
0.25,0.05,1.25,"choledocholithiasis",0.0451243537986044,0.0752417036743836,0.599725306511995,1.04938271604938,0.571502939146725,-0.0322408488780665
0.25,0.05,1.5,"acute_cholecystitis",0.0144362165171731,0.126495745058114,0.114124127341524,1.09756097560976,0.103979760466721,-0.113342747786912
0.25,0.05,1.5,"choledocholithiasis",0.0451243537986044,0.0752417036743836,0.599725306511995,1.09756097560976,0.546416390377595,-0.0341284035467663
0.25,0.05,2,"acute_cholecystitis",0.0144362165171731,0.126495745058114,0.114124127341524,1.19047619047619,0.0958642669668798,-0.114369323183689
0.25,0.05,2,"choledocholithiasis",0.0451243537986044,0.0752417036743836,0.599725306511995,1.19047619047619,0.503769257470076,-0.0373372464835559
0.25,0.05,3,"acute_cholecystitis",0.0144362165171731,0.126495745058114,0.114124127341524,1.36363636363636,0.0836910267171173,-0.115909186278854
0.25,0.05,3,"choledocholithiasis",0.0451243537986044,0.0752417036743836,0.599725306511995,1.36363636363636,0.439798558108796,-0.0421505108887404
0.25,0.05,4,"acute_cholecystitis",0.0144362165171731,0.126495745058114,0.114124127341524,1.52173913043478,0.074995855110144,-0.117009088489686
0.25,0.05,4,"choledocholithiasis",0.0451243537986044,0.0752417036743836,0.599725306511995,1.52173913043478,0.394105201422168,-0.0455885568924436
0.25,0.1,1.25,"acute_cholecystitis",0.0144362165171731,0.126495745058114,0.114124127341524,1.03658536585366,0.110096216964764,-0.112569042065076
0.25,0.1,1.25,"choledocholithiasis",0.0451243537986044,0.0752417036743836,0.599725306511995,1.03658536585366,0.578558530988042,-0.0317099741274946
0.25,0.1,1.5,"acute_cholecystitis",0.0144362165171731,0.126495745058114,0.114124127341524,1.07142857142857,0.106515852185422,-0.113021942975419
0.25,0.1,1.5,"choledocholithiasis",0.0451243537986044,0.0752417036743836,0.599725306511995,1.07142857142857,0.559743619411195,-0.0331256401290195
0.25,0.1,2,"acute_cholecystitis",0.0144362165171731,0.126495745058114,0.114124127341524,1.13636363636364,0.100429232060541,-0.113791874523002
0.25,0.1,2,"choledocholithiasis",0.0451243537986044,0.0752417036743836,0.599725306511995,1.13636363636364,0.527758269730556,-0.0355322723316117
0.25,0.1,3,"acute_cholecystitis",0.0144362165171731,0.126495745058114,0.114124127341524,1.25,0.0912993018732188,-0.114946771844376
0.25,0.1,3,"choledocholithiasis",0.0451243537986044,0.0752417036743836,0.599725306511995,1.25,0.479780245209596,-0.0391422206355001
0.25,0.1,4,"acute_cholecystitis",0.0144362165171731,0.126495745058114,0.114124127341524,1.34615384615385,0.0847779231679889,-0.1157716985025
0.25,0.1,4,"choledocholithiasis",0.0451243537986044,0.0752417036743836,0.599725306511995,1.34615384615385,0.445510227694625,-0.0417207551382775
0.25,0.15,1.25,"acute_cholecystitis",0.0144362165171731,0.126495745058114,0.114124127341524,1.02409638554217,0.111438853757017,-0.112399204223698
0.25,0.15,1.25,"choledocholithiasis",0.0451243537986044,0.0752417036743836,0.599725306511995,1.02409638554217,0.58561412282936,-0.0311790993769228
0.25,0.15,1.5,"acute_cholecystitis",0.0144362165171731,0.126495745058114,0.114124127341524,1.04651162790698,0.109051943904122,-0.112701138163926
0.25,0.15,1.5,"choledocholithiasis",0.0451243537986044,0.0752417036743836,0.599725306511995,1.04651162790698,0.573070848444795,-0.0321228767112727
0.25,0.15,2,"acute_cholecystitis",0.0144362165171731,0.126495745058114,0.114124127341524,1.08695652173913,0.104994197154202,-0.113214425862315
0.25,0.15,2,"choledocholithiasis",0.0451243537986044,0.0752417036743836,0.599725306511995,1.08695652173913,0.551747281991035,-0.0337272981796676
0.25,0.15,3,"acute_cholecystitis",0.0144362165171731,0.126495745058114,0.114124127341524,1.15384615384615,0.0989075770293204,-0.113984357409897
0.25,0.15,3,"choledocholithiasis",0.0451243537986044,0.0752417036743836,0.599725306511995,1.15384615384615,0.519761932310396,-0.0361339303822598
0.25,0.15,4,"acute_cholecystitis",0.0144362165171731,0.126495745058114,0.114124127341524,1.20689655172414,0.0945599912258338,-0.114534308515313
0.25,0.15,4,"choledocholithiasis",0.0451243537986044,0.0752417036743836,0.599725306511995,1.20689655172414,0.496915253967082,-0.0378529533841114
0.25,0.2,1.25,"acute_cholecystitis",0.0144362165171731,0.126495745058114,0.114124127341524,1.01190476190476,0.11278149054927,-0.112229366382319
0.25,0.2,1.25,"choledocholithiasis",0.0451243537986044,0.0752417036743836,0.599725306511995,1.01190476190476,0.592669714670677,-0.030648224626351
0.25,0.2,1.5,"acute_cholecystitis",0.0144362165171731,0.126495745058114,0.114124127341524,1.02272727272727,0.111588035622823,-0.112380333352434
0.25,0.2,1.5,"choledocholithiasis",0.0451243537986044,0.0752417036743836,0.599725306511995,1.02272727272727,0.586398077478395,-0.031120113293526
0.25,0.2,2,"acute_cholecystitis",0.0144362165171731,0.126495745058114,0.114124127341524,1.04166666666667,0.109559162247863,-0.112636977201628
0.25,0.2,2,"choledocholithiasis",0.0451243537986044,0.0752417036743836,0.599725306511995,1.04166666666667,0.575736294251515,-0.0319223240277234
0.25,0.2,3,"acute_cholecystitis",0.0144362165171731,0.126495745058114,0.114124127341524,1.07142857142857,0.106515852185422,-0.113021942975419
0.25,0.2,3,"choledocholithiasis",0.0451243537986044,0.0752417036743836,0.599725306511995,1.07142857142857,0.559743619411195,-0.0331256401290195
0.25,0.2,4,"acute_cholecystitis",0.0144362165171731,0.126495745058114,0.114124127341524,1.09375,0.104342059283679,-0.113296918528127
0.25,0.2,4,"choledocholithiasis",0.0451243537986044,0.0752417036743836,0.599725306511995,1.09375,0.548320280239538,-0.0339851516299453
0.25,0.25,1.25,"acute_cholecystitis",0.0144362165171731,0.126495745058114,0.114124127341524,1,0.114124127341524,-0.112059528540941
0.25,0.25,1.25,"choledocholithiasis",0.0451243537986044,0.0752417036743836,0.599725306511995,1,0.599725306511995,-0.0301173498757792
0.25,0.25,1.5,"acute_cholecystitis",0.0144362165171731,0.126495745058114,0.114124127341524,1,0.114124127341524,-0.112059528540941
0.25,0.25,1.5,"choledocholithiasis",0.0451243537986044,0.0752417036743836,0.599725306511995,1,0.599725306511995,-0.0301173498757792
0.25,0.25,2,"acute_cholecystitis",0.0144362165171731,0.126495745058114,0.114124127341524,1,0.114124127341524,-0.112059528540941
0.25,0.25,2,"choledocholithiasis",0.0451243537986044,0.0752417036743836,0.599725306511995,1,0.599725306511995,-0.0301173498757792
0.25,0.25,3,"acute_cholecystitis",0.0144362165171731,0.126495745058114,0.114124127341524,1,0.114124127341524,-0.112059528540941
0.25,0.25,3,"choledocholithiasis",0.0451243537986044,0.0752417036743836,0.599725306511995,1,0.599725306511995,-0.0301173498757792
0.25,0.25,4,"acute_cholecystitis",0.0144362165171731,0.126495745058114,0.114124127341524,1,0.114124127341524,-0.112059528540941
0.25,0.25,4,"choledocholithiasis",0.0451243537986044,0.0752417036743836,0.599725306511995,1,0.599725306511995,-0.0301173498757792
0.25,0.3,1.25,"acute_cholecystitis",0.0144362165171731,0.126495745058114,0.114124127341524,0.988372093023256,0.115466764133777,-0.111889690699562
0.25,0.3,1.25,"choledocholithiasis",0.0451243537986044,0.0752417036743836,0.599725306511995,0.988372093023256,0.606780898353313,-0.0295864751252074
0.25,0.3,1.5,"acute_cholecystitis",0.0144362165171731,0.126495745058114,0.114124127341524,0.978260869565218,0.116660219060224,-0.111738723729448
0.25,0.3,1.5,"choledocholithiasis",0.0451243537986044,0.0752417036743836,0.599725306511995,0.978260869565218,0.613052535545595,-0.0291145864580324
0.25,0.3,2,"acute_cholecystitis",0.0144362165171731,0.126495745058114,0.114124127341524,0.961538461538461,0.118689092435184,-0.111482079880254
0.25,0.3,2,"choledocholithiasis",0.0451243537986044,0.0752417036743836,0.599725306511995,0.961538461538461,0.623714318772475,-0.028312375723835
0.25,0.3,3,"acute_cholecystitis",0.0144362165171731,0.126495745058114,0.114124127341524,0.9375,0.121732402497625,-0.111097114106463
0.25,0.3,3,"choledocholithiasis",0.0451243537986044,0.0752417036743836,0.599725306511995,0.9375,0.639706993612795,-0.0271090596225389
0.25,0.3,4,"acute_cholecystitis",0.0144362165171731,0.126495745058114,0.114124127341524,0.921052631578947,0.123906195399368,-0.110822138553755
0.25,0.3,4,"choledocholithiasis",0.0451243537986044,0.0752417036743836,0.599725306511995,0.921052631578947,0.651130332784452,-0.0262495481216131
0.25,0.35,1.25,"acute_cholecystitis",0.0144362165171731,0.126495745058114,0.114124127341524,0.977011494252874,0.11680940092603,-0.111719852858184
0.25,0.35,1.25,"choledocholithiasis",0.0451243537986044,0.0752417036743836,0.599725306511995,0.977011494252874,0.61383649019463,-0.0290556003746356
0.25,0.35,1.5,"acute_cholecystitis",0.0144362165171731,0.126495745058114,0.114124127341524,0.957446808510638,0.119196310778925,-0.111417918917955
0.25,0.35,1.5,"choledocholithiasis",0.0451243537986044,0.0752417036743836,0.599725306511995,0.957446808510638,0.626379764579195,-0.0281118230402857
0.25,0.35,2,"acute_cholecystitis",0.0144362165171731,0.126495745058114,0.114124127341524,0.925925925925926,0.123254057528845,-0.110904631219567
0.25,0.35,2,"choledocholithiasis",0.0451243537986044,0.0752417036743836,0.599725306511995,0.925925925925926,0.647703331032955,-0.0265074015718908
0.25,0.35,3,"acute_cholecystitis",0.0144362165171731,0.126495745058114,0.114124127341524,0.88235294117647,0.129340677653727,-0.110134699671984
0.25,0.35,3,"choledocholithiasis",0.0451243537986044,0.0752417036743836,0.599725306511995,0.88235294117647,0.679688680713594,-0.0241007693692986
0.25,0.35,4,"acute_cholecystitis",0.0144362165171731,0.126495745058114,0.114124127341524,0.853658536585366,0.133688263457213,-0.109584748566568
0.25,0.35,4,"choledocholithiasis",0.0451243537986044,0.0752417036743836,0.599725306511995,0.853658536585366,0.702535359056908,-0.022381746367447
0.25,0.4,1.25,"acute_cholecystitis",0.0144362165171731,0.126495745058114,0.114124127341524,0.965909090909091,0.118152037718283,-0.111550015016805
0.25,0.4,1.25,"choledocholithiasis",0.0451243537986044,0.0752417036743836,0.599725306511995,0.965909090909091,0.620892082035948,-0.0285247256240637
0.25,0.4,1.5,"acute_cholecystitis",0.0144362165171731,0.126495745058114,0.114124127341524,0.9375,0.121732402497625,-0.111097114106463
0.25,0.4,1.5,"choledocholithiasis",0.0451243537986044,0.0752417036743836,0.599725306511995,0.9375,0.639706993612795,-0.0271090596225389
0.25,0.4,2,"acute_cholecystitis",0.0144362165171731,0.126495745058114,0.114124127341524,0.892857142857143,0.127819022622506,-0.11032718255888
0.25,0.4,2,"choledocholithiasis",0.0451243537986044,0.0752417036743836,0.599725306511995,0.892857142857143,0.671692343293434,-0.0247024274199467
0.25,0.4,3,"acute_cholecystitis",0.0144362165171731,0.126495745058114,0.114124127341524,0.833333333333333,0.136948952809828,-0.109172285237506
0.25,0.4,3,"choledocholithiasis",0.0451243537986044,0.0752417036743836,0.599725306511995,0.833333333333333,0.719670367814394,-0.0210924791160583
0.25,0.4,4,"acute_cholecystitis",0.0144362165171731,0.126495745058114,0.114124127341524,0.795454545454545,0.143470331515058,-0.108347358579382
0.25,0.4,4,"choledocholithiasis",0.0451243537986044,0.0752417036743836,0.599725306511995,0.795454545454545,0.753940385329365,-0.0185139446132809
0.25,0.45,1.25,"acute_cholecystitis",0.0144362165171731,0.126495745058114,0.114124127341524,0.955056179775281,0.119494674510536,-0.111380177175427
0.25,0.45,1.25,"choledocholithiasis",0.0451243537986044,0.0752417036743836,0.599725306511995,0.955056179775281,0.627947673877265,-0.0279938508734919
0.25,0.45,1.5,"acute_cholecystitis",0.0144362165171731,0.126495745058114,0.114124127341524,0.918367346938775,0.124268494216326,-0.11077630929497
0.25,0.45,1.5,"choledocholithiasis",0.0451243537986044,0.0752417036743836,0.599725306511995,0.918367346938775,0.653034222646395,-0.0261062962047921
0.25,0.45,2,"acute_cholecystitis",0.0144362165171731,0.126495745058114,0.114124127341524,0.862068965517241,0.132383987716167,-0.109749733898193
0.25,0.45,2,"choledocholithiasis",0.0451243537986044,0.0752417036743836,0.599725306511995,0.862068965517241,0.695681355553914,-0.0228974532680025
0.25,0.45,3,"acute_cholecystitis",0.0144362165171731,0.126495745058114,0.114124127341524,0.789473684210526,0.14455722796593,-0.108209870803028
0.25,0.45,3,"choledocholithiasis",0.0451243537986044,0.0752417036743836,0.599725306511995,0.789473684210526,0.759652054915194,-0.018084188862818
0.25,0.45,4,"acute_cholecystitis",0.0144362165171731,0.126495745058114,0.114124127341524,0.74468085106383,0.153252399572903,-0.107109968592196
0.25,0.45,4,"choledocholithiasis",0.0451243537986044,0.0752417036743836,0.599725306511995,0.74468085106383,0.805345411601822,-0.0146461428591148
0.25,0.5,1.25,"acute_cholecystitis",0.0144362165171731,0.126495745058114,0.114124127341524,0.944444444444444,0.12083731130279,-0.111210339334048
0.25,0.5,1.25,"choledocholithiasis",0.0451243537986044,0.0752417036743836,0.599725306511995,0.944444444444444,0.635003265718583,-0.0274629761229201
0.25,0.5,1.5,"acute_cholecystitis",0.0144362165171731,0.126495745058114,0.114124127341524,0.9,0.126804585935026,-0.110455504483477
0.25,0.5,1.5,"choledocholithiasis",0.0451243537986044,0.0752417036743836,0.599725306511995,0.9,0.666361451679994,-0.0251035327870454
0.25,0.5,2,"acute_cholecystitis",0.0144362165171731,0.126495745058114,0.114124127341524,0.833333333333333,0.136948952809828,-0.109172285237506
0.25,0.5,2,"choledocholithiasis",0.0451243537986044,0.0752417036743836,0.599725306511995,0.833333333333333,0.719670367814394,-0.0210924791160583
0.25,0.5,3,"acute_cholecystitis",0.0144362165171731,0.126495745058114,0.114124127341524,0.75,0.152165503122031,-0.10724745636855
0.25,0.5,3,"choledocholithiasis",0.0451243537986044,0.0752417036743836,0.599725306511995,0.75,0.799633742015993,-0.0150758986095777
0.25,0.5,4,"acute_cholecystitis",0.0144362165171731,0.126495745058114,0.114124127341524,0.7,0.163034467630748,-0.10587257860501
0.25,0.5,4,"choledocholithiasis",0.0451243537986044,0.0752417036743836,0.599725306511995,0.7,0.856750437874279,-0.0107783411049487
0.3,0.05,1.25,"acute_cholecystitis",0.0144362165171731,0.126495745058114,0.114124127341524,1.06172839506173,0.107489003658877,-0.11289884345473
0.3,0.05,1.25,"choledocholithiasis",0.0451243537986044,0.0752417036743836,0.599725306511995,1.06172839506173,0.564857556133391,-0.0327408588175585
0.3,0.05,1.5,"acute_cholecystitis",0.0144362165171731,0.126495745058114,0.114124127341524,1.1219512195122,0.101719330891358,-0.113628682510199
0.3,0.05,1.5,"choledocholithiasis",0.0451243537986044,0.0752417036743836,0.599725306511995,1.1219512195122,0.534537773195474,-0.0350221709408449
0.3,0.05,2,"acute_cholecystitis",0.0144362165171731,0.126495745058114,0.114124127341524,1.23809523809524,0.0921771797758459,-0.114835724025013
0.3,0.05,2,"choledocholithiasis",0.0451243537986044,0.0752417036743836,0.599725306511995,1.23809523809524,0.48439351679815,-0.0387951102216647
0.3,0.05,3,"acute_cholecystitis",0.0144362165171731,0.126495745058114,0.114124127341524,1.45454545454545,0.0784603375472974,-0.116570846202558
0.3,0.05,3,"choledocholithiasis",0.0451243537986044,0.0752417036743836,0.599725306511995,1.45454545454545,0.412311148226997,-0.0442187104378431
0.3,0.05,4,"acute_cholecystitis",0.0144362165171731,0.126495745058114,0.114124127341524,1.65217391304348,0.0690751297067116,-0.117758035060878
0.3,0.05,4,"choledocholithiasis",0.0451243537986044,0.0752417036743836,0.599725306511995,1.65217391304348,0.362991632888839,-0.0479295947962809
0.3,0.1,1.25,"acute_cholecystitis",0.0144362165171731,0.126495745058114,0.114124127341524,1.04878048780488,0.108816028395406,-0.112730980471972
0.3,0.1,1.25,"choledocholithiasis",0.0451243537986044,0.0752417036743836,0.599725306511995,1.04878048780488,0.571831106209111,-0.0322161570292027
0.3,0.1,1.5,"acute_cholecystitis",0.0144362165171731,0.126495745058114,0.114124127341524,1.0952380952381,0.104200290181391,-0.113314851716347
0.3,0.1,1.5,"choledocholithiasis",0.0451243537986044,0.0752417036743836,0.599725306511995,1.0952380952381,0.547575279858778,-0.0340412067278318
0.3,0.1,2,"acute_cholecystitis",0.0144362165171731,0.126495745058114,0.114124127341524,1.18181818181818,0.0965665692889815,-0.114280484928198
0.3,0.1,2,"choledocholithiasis",0.0451243537986044,0.0752417036743836,0.599725306511995,1.18181818181818,0.507459874740919,-0.0370595581524876
0.3,0.1,3,"acute_cholecystitis",0.0144362165171731,0.126495745058114,0.114124127341524,1.33333333333333,0.0855930955061426,-0.115668582670234
0.3,0.1,3,"choledocholithiasis",0.0451243537986044,0.0752417036743836,0.599725306511995,1.33333333333333,0.449793979883996,-0.0413984383254303
0.3,0.1,4,"acute_cholecystitis",0.0144362165171731,0.126495745058114,0.114124127341524,1.46153846153846,0.078084929233674,-0.11661833375689
0.3,0.1,4,"choledocholithiasis",0.0451243537986044,0.0752417036743836,0.599725306511995,1.46153846153846,0.41033836761347,-0.0443671458121806
0.3,0.15,1.25,"acute_cholecystitis",0.0144362165171731,0.126495745058114,0.114124127341524,1.03614457831325,0.110143053131936,-0.112563117489214
0.3,0.15,1.25,"choledocholithiasis",0.0451243537986044,0.0752417036743836,0.599725306511995,1.03614457831325,0.578804656284832,-0.0316914552408468
0.3,0.15,1.5,"acute_cholecystitis",0.0144362165171731,0.126495745058114,0.114124127341524,1.06976744186047,0.106681249471424,-0.113001020922496
0.3,0.15,1.5,"choledocholithiasis",0.0451243537986044,0.0752417036743836,0.599725306511995,1.06976744186047,0.560612786522082,-0.0330602425148186
0.3,0.15,2,"acute_cholecystitis",0.0144362165171731,0.126495745058114,0.114124127341524,1.1304347826087,0.100955958802117,-0.113725245831384
0.3,0.15,2,"choledocholithiasis",0.0451243537986044,0.0752417036743836,0.599725306511995,1.1304347826087,0.530526232683688,-0.0353240060833105
0.3,0.15,3,"acute_cholecystitis",0.0144362165171731,0.126495745058114,0.114124127341524,1.23076923076923,0.0927258534649879,-0.114766319137911
0.3,0.15,3,"choledocholithiasis",0.0451243537986044,0.0752417036743836,0.599725306511995,1.23076923076923,0.487276811540996,-0.0385781662130175
0.3,0.15,4,"acute_cholecystitis",0.0144362165171731,0.126495745058114,0.114124127341524,1.31034482758621,0.0870947287606364,-0.115478632452903
0.3,0.15,4,"choledocholithiasis",0.0451243537986044,0.0752417036743836,0.599725306511995,1.31034482758621,0.457685102338102,-0.0408046968280802
0.3,0.2,1.25,"acute_cholecystitis",0.0144362165171731,0.126495745058114,0.114124127341524,1.02380952380952,0.111470077868465,-0.112395254506457
0.3,0.2,1.25,"choledocholithiasis",0.0451243537986044,0.0752417036743836,0.599725306511995,1.02380952380952,0.585778206360553,-0.0311667534524909
0.3,0.2,1.5,"acute_cholecystitis",0.0144362165171731,0.126495745058114,0.114124127341524,1.04545454545455,0.109162208761457,-0.112687190128644
0.3,0.2,1.5,"choledocholithiasis",0.0451243537986044,0.0752417036743836,0.599725306511995,1.04545454545455,0.573650293185387,-0.0320792783018055
0.3,0.2,2,"acute_cholecystitis",0.0144362165171731,0.126495745058114,0.114124127341524,1.08333333333333,0.105345348315252,-0.11317000673457
0.3,0.2,2,"choledocholithiasis",0.0451243537986044,0.0752417036743836,0.599725306511995,1.08333333333333,0.553592590626457,-0.0335884540141334
0.3,0.2,3,"acute_cholecystitis",0.0144362165171731,0.126495745058114,0.114124127341524,1.14285714285714,0.0998586114238331,-0.113864055605588
0.3,0.2,3,"choledocholithiasis",0.0451243537986044,0.0752417036743836,0.599725306511995,1.14285714285714,0.524759643197996,-0.0357578941006048
0.3,0.2,4,"acute_cholecystitis",0.0144362165171731,0.126495745058114,0.114124127341524,1.1875,0.0961045282875988,-0.114338931148916
0.3,0.2,4,"choledocholithiasis",0.0451243537986044,0.0752417036743836,0.599725306511995,1.1875,0.505031837062733,-0.0372422478439799
0.3,0.25,1.25,"acute_cholecystitis",0.0144362165171731,0.126495745058114,0.114124127341524,1.01176470588235,0.112797102604994,-0.112227391523699
0.3,0.25,1.25,"choledocholithiasis",0.0451243537986044,0.0752417036743836,0.599725306511995,1.01176470588235,0.592751756436274,-0.0306420516641351
0.3,0.25,1.5,"acute_cholecystitis",0.0144362165171731,0.126495745058114,0.114124127341524,1.02222222222222,0.11164316805149,-0.112373359334792
0.3,0.25,1.5,"choledocholithiasis",0.0451243537986044,0.0752417036743836,0.599725306511995,1.02222222222222,0.586687799848691,-0.0310983140887923
0.3,0.25,2,"acute_cholecystitis",0.0144362165171731,0.126495745058114,0.114124127341524,1.04,0.109734737828388,-0.112614767637755
0.3,0.25,2,"choledocholithiasis",0.0451243537986044,0.0752417036743836,0.599725306511995,1.04,0.576658948569226,-0.0318529019449563
0.3,0.25,3,"acute_cholecystitis",0.0144362165171731,0.126495745058114,0.114124127341524,1.06666666666667,0.106991369382678,-0.112961792073264
0.3,0.25,3,"choledocholithiasis",0.0451243537986044,0.0752417036743836,0.599725306511995,1.06666666666667,0.562242474854995,-0.032937621988192
0.3,0.25,4,"acute_cholecystitis",0.0144362165171731,0.126495745058114,0.114124127341524,1.08571428571429,0.105114327814561,-0.113199229844928
0.3,0.25,4,"choledocholithiasis",0.0451243537986044,0.0752417036743836,0.599725306511995,1.08571428571429,0.552378571787364,-0.0336797988598795
0.3,0.3,1.25,"acute_cholecystitis",0.0144362165171731,0.126495745058114,0.114124127341524,1,0.114124127341524,-0.112059528540941
0.3,0.3,1.25,"choledocholithiasis",0.0451243537986044,0.0752417036743836,0.599725306511995,1,0.599725306511995,-0.0301173498757792
0.3,0.3,1.5,"acute_cholecystitis",0.0144362165171731,0.126495745058114,0.114124127341524,1,0.114124127341524,-0.112059528540941
0.3,0.3,1.5,"choledocholithiasis",0.0451243537986044,0.0752417036743836,0.599725306511995,1,0.599725306511995,-0.0301173498757792
0.3,0.3,2,"acute_cholecystitis",0.0144362165171731,0.126495745058114,0.114124127341524,1,0.114124127341524,-0.112059528540941
0.3,0.3,2,"choledocholithiasis",0.0451243537986044,0.0752417036743836,0.599725306511995,1,0.599725306511995,-0.0301173498757792
0.3,0.3,3,"acute_cholecystitis",0.0144362165171731,0.126495745058114,0.114124127341524,1,0.114124127341524,-0.112059528540941
0.3,0.3,3,"choledocholithiasis",0.0451243537986044,0.0752417036743836,0.599725306511995,1,0.599725306511995,-0.0301173498757792
0.3,0.3,4,"acute_cholecystitis",0.0144362165171731,0.126495745058114,0.114124127341524,1,0.114124127341524,-0.112059528540941
0.3,0.3,4,"choledocholithiasis",0.0451243537986044,0.0752417036743836,0.599725306511995,1,0.599725306511995,-0.0301173498757792
0.3,0.35,1.25,"acute_cholecystitis",0.0144362165171731,0.126495745058114,0.114124127341524,0.988505747126437,0.115451152078053,-0.111891665558183
0.3,0.35,1.25,"choledocholithiasis",0.0451243537986044,0.0752417036743836,0.599725306511995,0.988505747126437,0.606698856587716,-0.0295926480874233
0.3,0.35,1.5,"acute_cholecystitis",0.0144362165171731,0.126495745058114,0.114124127341524,0.978723404255319,0.116605086631557,-0.111745697747089
0.3,0.35,1.5,"choledocholithiasis",0.0451243537986044,0.0752417036743836,0.599725306511995,0.978723404255319,0.612762813175299,-0.0291363856627661
0.3,0.35,2,"acute_cholecystitis",0.0144362165171731,0.126495745058114,0.114124127341524,0.962962962962963,0.118513516854659,-0.111504289444127
0.3,0.35,2,"choledocholithiasis",0.0451243537986044,0.0752417036743836,0.599725306511995,0.962962962962963,0.622791664454764,-0.0283817978066021
0.3,0.35,3,"acute_cholecystitis",0.0144362165171731,0.126495745058114,0.114124127341524,0.941176470588235,0.121256885300369,-0.111157265008618
0.3,0.35,3,"choledocholithiasis",0.0451243537986044,0.0752417036743836,0.599725306511995,0.941176470588235,0.637208138168995,-0.0272970777633664
0.3,0.35,4,"acute_cholecystitis",0.0144362165171731,0.126495745058114,0.114124127341524,0.926829268292683,0.123133926868486,-0.110919827236954
0.3,0.35,4,"choledocholithiasis",0.0451243537986044,0.0752417036743836,0.599725306511995,0.926829268292683,0.647072041236626,-0.0265549008916789
0.3,0.4,1.25,"acute_cholecystitis",0.0144362165171731,0.126495745058114,0.114124127341524,0.977272727272727,0.116778176814582,-0.111723802575425
0.3,0.4,1.25,"choledocholithiasis",0.0451243537986044,0.0752417036743836,0.599725306511995,0.977272727272727,0.613672406663437,-0.0290679462990675
0.3,0.4,1.5,"acute_cholecystitis",0.0144362165171731,0.126495745058114,0.114124127341524,0.958333333333333,0.11908604592159,-0.111431866953238
0.3,0.4,1.5,"choledocholithiasis",0.0451243537986044,0.0752417036743836,0.599725306511995,0.958333333333333,0.625800319838604,-0.0281554214497529
0.3,0.4,2,"acute_cholecystitis",0.0144362165171731,0.126495745058114,0.114124127341524,0.928571428571429,0.122902906367795,-0.110949050347312
0.3,0.4,2,"choledocholithiasis",0.0451243537986044,0.0752417036743836,0.599725306511995,0.928571428571429,0.645858022397533,-0.026646245737425
0.3,0.4,3,"acute_cholecystitis",0.0144362165171731,0.126495745058114,0.114124127341524,0.888888888888889,0.128389643259214,-0.110255001476294
0.3,0.4,3,"choledocholithiasis",0.0451243537986044,0.0752417036743836,0.599725306511995,0.888888888888889,0.674690969825994,-0.0244768056509536
0.3,0.4,4,"acute_cholecystitis",0.0144362165171731,0.126495745058114,0.114124127341524,0.863636363636364,0.132143726395448,-0.109780125932966
0.3,0.4,4,"choledocholithiasis",0.0451243537986044,0.0752417036743836,0.599725306511995,0.863636363636364,0.694418775961257,-0.0229924519075785
0.3,0.45,1.25,"acute_cholecystitis",0.0144362165171731,0.126495745058114,0.114124127341524,0.966292134831461,0.118105201551112,-0.111555939592667
0.3,0.45,1.25,"choledocholithiasis",0.0451243537986044,0.0752417036743836,0.599725306511995,0.966292134831461,0.620645956739158,-0.0285432445107116
0.3,0.45,1.5,"acute_cholecystitis",0.0144362165171731,0.126495745058114,0.114124127341524,0.938775510204081,0.121567005211623,-0.111118036159386
0.3,0.45,1.5,"choledocholithiasis",0.0451243537986044,0.0752417036743836,0.599725306511995,0.938775510204081,0.638837826501908,-0.0271744572367398
0.3,0.45,2,"acute_cholecystitis",0.0144362165171731,0.126495745058114,0.114124127341524,0.896551724137931,0.12729229588093,-0.110393811250498
0.3,0.45,2,"choledocholithiasis",0.0451243537986044,0.0752417036743836,0.599725306511995,0.896551724137931,0.668924380340302,-0.0249106936682479
0.3,0.45,3,"acute_cholecystitis",0.0144362165171731,0.126495745058114,0.114124127341524,0.842105263157895,0.135522401218059,-0.109352737943971
0.3,0.45,3,"choledocholithiasis",0.0451243537986044,0.0752417036743836,0.599725306511995,0.842105263157895,0.712173801482994,-0.0216565335385409
0.3,0.45,4,"acute_cholecystitis",0.0144362165171731,0.126495745058114,0.114124127341524,0.808510638297872,0.141153525922411,-0.108640424628979
0.3,0.45,4,"choledocholithiasis",0.0451243537986044,0.0752417036743836,0.599725306511995,0.808510638297872,0.741765510685889,-0.0194300029234781
0.3,0.5,1.25,"acute_cholecystitis",0.0144362165171731,0.126495745058114,0.114124127341524,0.955555555555555,0.119432226287641,-0.11138807660991
0.3,0.5,1.25,"choledocholithiasis",0.0451243537986044,0.0752417036743836,0.599725306511995,0.955555555555555,0.627619506814878,-0.0280185427223557
0.3,0.5,1.5,"acute_cholecystitis",0.0144362165171731,0.126495745058114,0.114124127341524,0.92,0.124047964501656,-0.110804205365535
0.3,0.5,1.5,"choledocholithiasis",0.0451243537986044,0.0752417036743836,0.599725306511995,0.92,0.651875333165212,-0.0261934930237266
0.3,0.5,2,"acute_cholecystitis",0.0144362165171731,0.126495745058114,0.114124127341524,0.866666666666667,0.131681685394066,-0.109838572153684
0.3,0.5,2,"choledocholithiasis",0.0451243537986044,0.0752417036743836,0.599725306511995,0.866666666666667,0.691990738283071,-0.0231751415990708
0.3,0.5,3,"acute_cholecystitis",0.0144362165171731,0.126495745058114,0.114124127341524,0.8,0.142655159176904,-0.108450474411648
0.3,0.5,3,"choledocholithiasis",0.0451243537986044,0.0752417036743836,0.599725306511995,0.8,0.749656633139994,-0.0188362614261281
0.3,0.5,4,"acute_cholecystitis",0.0144362165171731,0.126495745058114,0.114124127341524,0.76,0.150163325449373,-0.107500723324992
0.3,0.5,4,"choledocholithiasis",0.0451243537986044,0.0752417036743836,0.599725306511995,0.76,0.78911224541052,-0.0158675539393778
0.35,0.05,1.25,"acute_cholecystitis",0.0144362165171731,0.126495745058114,0.114124127341524,1.07407407407407,0.106253497869694,-0.113055129680056
0.35,0.05,1.25,"choledocholithiasis",0.0451243537986044,0.0752417036743836,0.599725306511995,1.07407407407407,0.558364940545651,-0.0332293742756829
0.35,0.05,1.5,"acute_cholecystitis",0.0144362165171731,0.126495745058114,0.114124127341524,1.14634146341463,0.0995550898085631,-0.113902449798452
0.35,0.05,1.5,"choledocholithiasis",0.0451243537986044,0.0752417036743836,0.599725306511995,1.14634146341463,0.523164629084932,-0.0358779056798564
0.35,0.05,2,"acute_cholecystitis",0.0144362165171731,0.126495745058114,0.114124127341524,1.28571428571429,0.0887632101545183,-0.115267576655868
0.35,0.05,2,"choledocholithiasis",0.0451243537986044,0.0752417036743836,0.599725306511995,1.28571428571429,0.466453016175996,-0.0401449840532468
0.35,0.05,3,"acute_cholecystitis",0.0144362165171731,0.126495745058114,0.114124127341524,1.54545454545455,0.073845023573927,-0.117154663782296
0.35,0.05,3,"choledocholithiasis",0.0451243537986044,0.0752417036743836,0.599725306511995,1.54545454545455,0.388057551272467,-0.0460435923929337
0.35,0.05,4,"acute_cholecystitis",0.0144362165171731,0.126495745058114,0.114124127341524,1.78260869565217,0.0640208519232937,-0.118397379694822
0.35,0.05,4,"choledocholithiasis",0.0451243537986044,0.0752417036743836,0.599725306511995,1.78260869565217,0.336431269506729,-0.0499280417873616
0.35,0.1,1.25,"acute_cholecystitis",0.0144362165171731,0.126495745058114,0.114124127341524,1.0609756097561,0.107565269448333,-0.11288919615687
0.35,0.1,1.25,"choledocholithiasis",0.0451243537986044,0.0752417036743836,0.599725306511995,1.0609756097561,0.565258334873375,-0.0327107035423657
0.35,0.1,1.5,"acute_cholecystitis",0.0144362165171731,0.126495745058114,0.114124127341524,1.11904761904762,0.101983262730723,-0.113595296255534
0.35,0.1,1.5,"choledocholithiasis",0.0451243537986044,0.0752417036743836,0.599725306511995,1.11904761904762,0.535924741989442,-0.0349178130458435
0.35,0.1,2,"acute_cholecystitis",0.0144362165171731,0.126495745058114,0.114124127341524,1.22727272727273,0.0929900296856858,-0.114732901970047
0.35,0.1,2,"choledocholithiasis",0.0451243537986044,0.0752417036743836,0.599725306511995,1.22727272727273,0.488665064565329,-0.0384737116903356
0.35,0.1,3,"acute_cholecystitis",0.0144362165171731,0.126495745058114,0.114124127341524,1.41666666666667,0.0805582075351931,-0.116305474575404
0.35,0.1,3,"choledocholithiasis",0.0451243537986044,0.0752417036743836,0.599725306511995,1.41666666666667,0.423335510479055,-0.0433892186400746
0.35,0.1,4,"acute_cholecystitis",0.0144362165171731,0.126495745058114,0.114124127341524,1.57692307692308,0.072371397826332,-0.117341071169175
0.35,0.1,4,"choledocholithiasis",0.0451243537986044,0.0752417036743836,0.599725306511995,1.57692307692308,0.380313609007607,-0.0466262598020979
0.35,0.15,1.25,"acute_cholecystitis",0.0144362165171731,0.126495745058114,0.114124127341524,1.04819277108434,0.108877041026971,-0.112723262633684
0.35,0.15,1.25,"choledocholithiasis",0.0451243537986044,0.0752417036743836,0.599725306511995,1.04819277108434,0.572151729201099,-0.0321920328090484
0.35,0.15,1.5,"acute_cholecystitis",0.0144362165171731,0.126495745058114,0.114124127341524,1.09302325581395,0.104411435652883,-0.113288142712615
0.35,0.15,1.5,"choledocholithiasis",0.0451243537986044,0.0752417036743836,0.599725306511995,1.09302325581395,0.548684854893953,-0.0339577204118306
0.35,0.15,2,"acute_cholecystitis",0.0144362165171731,0.126495745058114,0.114124127341524,1.17391304347826,0.0972168492168534,-0.114198227284226
0.35,0.15,2,"choledocholithiasis",0.0451243537986044,0.0752417036743836,0.599725306511995,1.17391304347826,0.510877112954662,-0.0368024393274243
0.35,0.15,3,"acute_cholecystitis",0.0144362165171731,0.126495745058114,0.114124127341524,1.30769230769231,0.0872713914964592,-0.115456285368511
0.35,0.15,3,"choledocholithiasis",0.0451243537986044,0.0752417036743836,0.599725306511995,1.30769230769231,0.458613469685643,-0.0407348448872155
0.35,0.15,4,"acute_cholecystitis",0.0144362165171731,0.126495745058114,0.114124127341524,1.41379310344828,0.0807219437293703,-0.116284762643528
0.35,0.15,4,"choledocholithiasis",0.0451243537986044,0.0752417036743836,0.599725306511995,1.41379310344828,0.424195948508484,-0.0433244778168341
0.35,0.2,1.25,"acute_cholecystitis",0.0144362165171731,0.126495745058114,0.114124127341524,1.03571428571429,0.110188812605609,-0.112557329110499
0.35,0.2,1.25,"choledocholithiasis",0.0451243537986044,0.0752417036743836,0.599725306511995,1.03571428571429,0.579045123528823,-0.0316733620757311
0.35,0.2,1.5,"acute_cholecystitis",0.0144362165171731,0.126495745058114,0.114124127341524,1.06818181818182,0.106839608575043,-0.112980989169697
0.35,0.2,1.5,"choledocholithiasis",0.0451243537986044,0.0752417036743836,0.599725306511995,1.06818181818182,0.561444967798463,-0.0329976277778178
0.35,0.2,2,"acute_cholecystitis",0.0144362165171731,0.126495745058114,0.114124127341524,1.125,0.101443668748021,-0.113663552598405
0.35,0.2,2,"choledocholithiasis",0.0451243537986044,0.0752417036743836,0.599725306511995,1.125,0.533089161343995,-0.035131166964513
0.35,0.2,3,"acute_cholecystitis",0.0144362165171731,0.126495745058114,0.114124127341524,1.21428571428571,0.0939845754577253,-0.114607096161619
0.35,0.2,3,"choledocholithiasis",0.0451243537986044,0.0752417036743836,0.599725306511995,1.21428571428571,0.493891428892231,-0.0380804711343564
0.35,0.2,4,"acute_cholecystitis",0.0144362165171731,0.126495745058114,0.114124127341524,1.28125,0.0890724896324086,-0.115228454117881
0.35,0.2,4,"choledocholithiasis",0.0451243537986044,0.0752417036743836,0.599725306511995,1.28125,0.468078288009362,-0.0400226958315704
0.35,0.25,1.25,"acute_cholecystitis",0.0144362165171731,0.126495745058114,0.114124127341524,1.02352941176471,0.111500584184247,-0.112391395587313
0.35,0.25,1.25,"choledocholithiasis",0.0451243537986044,0.0752417036743836,0.599725306511995,1.02352941176471,0.585938517856547,-0.0311546913424138
0.35,0.25,1.5,"acute_cholecystitis",0.0144362165171731,0.126495745058114,0.114124127341524,1.04444444444444,0.109267781497203,-0.112673835626778
0.35,0.25,1.5,"choledocholithiasis",0.0451243537986044,0.0752417036743836,0.599725306511995,1.04444444444444,0.574205080702974,-0.0320375351438049
0.35,0.25,2,"acute_cholecystitis",0.0144362165171731,0.126495745058114,0.114124127341524,1.08,0.105670488279188,-0.113128877912583
0.35,0.25,2,"choledocholithiasis",0.0451243537986044,0.0752417036743836,0.599725306511995,1.08,0.555301209733329,-0.0334598946016017
0.35,0.25,3,"acute_cholecystitis",0.0144362165171731,0.126495745058114,0.114124127341524,1.13333333333333,0.100697759418991,-0.113757906954726
0.35,0.25,3,"choledocholithiasis",0.0451243537986044,0.0752417036743836,0.599725306511995,1.13333333333333,0.529169388098819,-0.0354260973814974
0.35,0.25,4,"acute_cholecystitis",0.0144362165171731,0.126495745058114,0.114124127341524,1.17142857142857,0.0974230355354469,-0.114172145592235
0.35,0.25,4,"choledocholithiasis",0.0451243537986044,0.0752417036743836,0.599725306511995,1.17142857142857,0.51196062751024,-0.0367209138463067
0.35,0.3,1.25,"acute_cholecystitis",0.0144362165171731,0.126495745058114,0.114124127341524,1.01162790697674,0.112812355762885,-0.112225462064127
0.35,0.3,1.25,"choledocholithiasis",0.0451243537986044,0.0752417036743836,0.599725306511995,1.01162790697674,0.592831912184271,-0.0306360206090965
0.35,0.3,1.5,"acute_cholecystitis",0.0144362165171731,0.126495745058114,0.114124127341524,1.02173913043478,0.111695954419363,-0.112366682083859
0.35,0.3,1.5,"choledocholithiasis",0.0451243537986044,0.0752417036743836,0.599725306511995,1.02173913043478,0.586965193607484,-0.0310774425097921
0.35,0.3,2,"acute_cholecystitis",0.0144362165171731,0.126495745058114,0.114124127341524,1.03846153846154,0.109897307810356,-0.112594203226762
0.35,0.3,2,"choledocholithiasis",0.0451243537986044,0.0752417036743836,0.599725306511995,1.03846153846154,0.577513258122662,-0.0317886222386905
0.35,0.3,3,"acute_cholecystitis",0.0144362165171731,0.126495745058114,0.114124127341524,1.0625,0.107410943380257,-0.112908717747833
0.35,0.3,3,"choledocholithiasis",0.0451243537986044,0.0752417036743836,0.599725306511995,1.0625,0.564447347305407,-0.0327717236286383
0.35,0.3,4,"acute_cholecystitis",0.0144362165171731,0.126495745058114,0.114124127341524,1.07894736842105,0.105773581438485,-0.113115837066588
0.35,0.3,4,"choledocholithiasis",0.0451243537986044,0.0752417036743836,0.599725306511995,1.07894736842105,0.555842967011117,-0.0334191318610429
0.35,0.35,1.25,"acute_cholecystitis",0.0144362165171731,0.126495745058114,0.114124127341524,1,0.114124127341524,-0.112059528540941
0.35,0.35,1.25,"choledocholithiasis",0.0451243537986044,0.0752417036743836,0.599725306511995,1,0.599725306511995,-0.0301173498757792
0.35,0.35,1.5,"acute_cholecystitis",0.0144362165171731,0.126495745058114,0.114124127341524,1,0.114124127341524,-0.112059528540941
0.35,0.35,1.5,"choledocholithiasis",0.0451243537986044,0.0752417036743836,0.599725306511995,1,0.599725306511995,-0.0301173498757792
0.35,0.35,2,"acute_cholecystitis",0.0144362165171731,0.126495745058114,0.114124127341524,1,0.114124127341524,-0.112059528540941
0.35,0.35,2,"choledocholithiasis",0.0451243537986044,0.0752417036743836,0.599725306511995,1,0.599725306511995,-0.0301173498757792
0.35,0.35,3,"acute_cholecystitis",0.0144362165171731,0.126495745058114,0.114124127341524,1,0.114124127341524,-0.112059528540941
0.35,0.35,3,"choledocholithiasis",0.0451243537986044,0.0752417036743836,0.599725306511995,1,0.599725306511995,-0.0301173498757792
0.35,0.35,4,"acute_cholecystitis",0.0144362165171731,0.126495745058114,0.114124127341524,1,0.114124127341524,-0.112059528540941
0.35,0.35,4,"choledocholithiasis",0.0451243537986044,0.0752417036743836,0.599725306511995,1,0.599725306511995,-0.0301173498757792
0.35,0.4,1.25,"acute_cholecystitis",0.0144362165171731,0.126495745058114,0.114124127341524,0.988636363636363,0.115435898920162,-0.111893595017755
0.35,0.4,1.25,"choledocholithiasis",0.0451243537986044,0.0752417036743836,0.599725306511995,0.988636363636363,0.606618700839719,-0.0295986791424619
0.35,0.4,1.5,"acute_cholecystitis",0.0144362165171731,0.126495745058114,0.114124127341524,0.979166666666667,0.116552300263684,-0.111752374998022
0.35,0.4,1.5,"choledocholithiasis",0.0451243537986044,0.0752417036743836,0.599725306511995,0.979166666666667,0.612485419416505,-0.0291572572417663
0.35,0.4,2,"acute_cholecystitis",0.0144362165171731,0.126495745058114,0.114124127341524,0.964285714285714,0.118350946872691,-0.11152485385512
0.35,0.4,2,"choledocholithiasis",0.0451243537986044,0.0752417036743836,0.599725306511995,0.964285714285714,0.621937354901328,-0.0284460775128679
0.35,0.4,3,"acute_cholecystitis",0.0144362165171731,0.126495745058114,0.114124127341524,0.944444444444445,0.12083731130279,-0.111210339334048
0.35,0.4,3,"choledocholithiasis",0.0451243537986044,0.0752417036743836,0.599725306511995,0.944444444444445,0.635003265718583,-0.0274629761229201
0.35,0.4,4,"acute_cholecystitis",0.0144362165171731,0.126495745058114,0.114124127341524,0.931818181818182,0.122474673244562,-0.111003220015294
0.35,0.4,4,"choledocholithiasis",0.0451243537986044,0.0752417036743836,0.599725306511995,0.931818181818182,0.643607646012873,-0.0268155678905154
0.35,0.45,1.25,"acute_cholecystitis",0.0144362165171731,0.126495745058114,0.114124127341524,0.97752808988764,0.1167476704988,-0.111727661494569
0.35,0.45,1.25,"choledocholithiasis",0.0451243537986044,0.0752417036743836,0.599725306511995,0.97752808988764,0.613512095167443,-0.0290800084091446
0.35,0.45,1.5,"acute_cholecystitis",0.0144362165171731,0.126495745058114,0.114124127341524,0.959183673469388,0.118980473185844,-0.111445221455104
0.35,0.45,1.5,"choledocholithiasis",0.0451243537986044,0.0752417036743836,0.599725306511995,0.959183673469388,0.625245532321016,-0.0281971646077535
0.35,0.45,2,"acute_cholecystitis",0.0144362165171731,0.126495745058114,0.114124127341524,0.931034482758621,0.122577766403859,-0.110990179169298
0.35,0.45,2,"choledocholithiasis",0.0451243537986044,0.0752417036743836,0.599725306511995,0.931034482758621,0.644149403290661,-0.0267748051499567
0.35,0.45,3,"acute_cholecystitis",0.0144362165171731,0.126495745058114,0.114124127341524,0.894736842105263,0.127550495264056,-0.110361150127156
0.35,0.45,3,"choledocholithiasis",0.0451243537986044,0.0752417036743836,0.599725306511995,0.894736842105263,0.670281224925171,-0.024808602370061
0.35,0.45,4,"acute_cholecystitis",0.0144362165171731,0.126495745058114,0.114124127341524,0.872340425531915,0.1308252191476,-0.109946911489647
0.35,0.45,4,"choledocholithiasis",0.0451243537986044,0.0752417036743836,0.599725306511995,0.872340425531915,0.68748998551375,-0.0235137859052517
0.35,0.5,1.25,"acute_cholecystitis",0.0144362165171731,0.126495745058114,0.114124127341524,0.966666666666667,0.118059442077438,-0.111561727971383
0.35,0.5,1.25,"choledocholithiasis",0.0451243537986044,0.0752417036743836,0.599725306511995,0.966666666666667,0.620405489495167,-0.0285613376758273
0.35,0.5,1.5,"acute_cholecystitis",0.0144362165171731,0.126495745058114,0.114124127341524,0.94,0.121408646108004,-0.111138067912185
0.35,0.5,1.5,"choledocholithiasis",0.0451243537986044,0.0752417036743836,0.599725306511995,0.94,0.638005645225526,-0.0272370719737406
0.35,0.5,2,"acute_cholecystitis",0.0144362165171731,0.126495745058114,0.114124127341524,0.9,0.126804585935026,-0.110455504483477
0.35,0.5,2,"choledocholithiasis",0.0451243537986044,0.0752417036743836,0.599725306511995,0.9,0.666361451679994,-0.0251035327870454
0.35,0.5,3,"acute_cholecystitis",0.0144362165171731,0.126495745058114,0.114124127341524,0.85,0.134263679225322,-0.109511960920263
0.35,0.5,3,"choledocholithiasis",0.0451243537986044,0.0752417036743836,0.599725306511995,0.85,0.705559184131759,-0.022154228617202
0.35,0.5,4,"acute_cholecystitis",0.0144362165171731,0.126495745058114,0.114124127341524,0.82,0.139175765050638,-0.108890602964
0.35,0.5,4,"choledocholithiasis",0.0451243537986044,0.0752417036743836,0.599725306511995,0.82,0.731372325014628,-0.020212003919988
0.4,0.05,1.25,"acute_cholecystitis",0.0144362165171731,0.126495745058114,0.114124127341524,1.08641975308642,0.105046071757539,-0.113207863945716
0.4,0.05,1.25,"choledocholithiasis",0.0451243537986044,0.0752417036743836,0.599725306511995,1.08641975308642,0.552019884403086,-0.0337067871097591
0.4,0.05,1.5,"acute_cholecystitis",0.0144362165171731,0.126495745058114,0.114124127341524,1.17073170731707,0.0974810254375513,-0.114164810116362
0.4,0.05,1.5,"choledocholithiasis",0.0451243537986044,0.0752417036743836,0.599725306511995,1.17073170731707,0.512265365978996,-0.0366979848047423
0.4,0.05,2,"acute_cholecystitis",0.0144362165171731,0.126495745058114,0.114124127341524,1.33333333333333,0.0855930955061427,-0.115668582670234
0.4,0.05,2,"choledocholithiasis",0.0451243537986044,0.0752417036743836,0.599725306511995,1.33333333333333,0.449793979883996,-0.0413984383254303
0.4,0.05,3,"acute_cholecystitis",0.0144362165171731,0.126495745058114,0.114124127341524,1.63636363636364,0.0697425222642644,-0.117673612742064
0.4,0.05,3,"choledocholithiasis",0.0451243537986044,0.0752417036743836,0.599725306511995,1.63636363636364,0.366498798423997,-0.0476657096863476
0.4,0.05,4,"acute_cholecystitis",0.0144362165171731,0.126495745058114,0.114124127341524,1.91304347826087,0.0596557938376146,-0.118949540969592
0.4,0.05,4,"choledocholithiasis",0.0451243537986044,0.0752417036743836,0.599725306511995,1.91304347826087,0.313492773858543,-0.0516539732796586
0.4,0.1,1.25,"acute_cholecystitis",0.0144362165171731,0.126495745058114,0.114124127341524,1.07317073170732,0.106342936840965,-0.113043816030748
0.4,0.1,1.25,"choledocholithiasis",0.0451243537986044,0.0752417036743836,0.599725306511995,1.07317073170732,0.558834944704359,-0.0331940103620477
0.4,0.1,1.5,"acute_cholecystitis",0.0144362165171731,0.126495745058114,0.114124127341524,1.14285714285714,0.0998586114238331,-0.113864055605588
0.4,0.1,1.5,"choledocholithiasis",0.0451243537986044,0.0752417036743836,0.599725306511995,1.14285714285714,0.524759643197996,-0.0357578941006047
0.4,0.1,2,"acute_cholecystitis",0.0144362165171731,0.126495745058114,0.114124127341524,1.27272727272727,0.0896689571969114,-0.115153003508907
0.4,0.1,2,"choledocholithiasis",0.0451243537986044,0.0752417036743836,0.599725306511995,1.27272727272727,0.471212740830853,-0.0397868542611944
0.4,0.1,3,"acute_cholecystitis",0.0144362165171731,0.126495745058114,0.114124127341524,1.5,0.0760827515610157,-0.116871600713332
0.4,0.1,3,"choledocholithiasis",0.0451243537986044,0.0752417036743836,0.599725306511995,1.5,0.399816871007997,-0.0451588011419807
0.4,0.1,4,"acute_cholecystitis",0.0144362165171731,0.126495745058114,0.114124127341524,1.69230769230769,0.067436984338173,-0.117965253479784
0.4,0.1,4,"choledocholithiasis",0.0451243537986044,0.0752417036743836,0.599725306511995,1.69230769230769,0.354383135666179,-0.0485773127933901
0.4,0.15,1.25,"acute_cholecystitis",0.0144362165171731,0.126495745058114,0.114124127341524,1.06024096385542,0.107639801924392,-0.11287976811578
0.4,0.15,1.25,"choledocholithiasis",0.0451243537986044,0.0752417036743836,0.599725306511995,1.06024096385542,0.565650005005632,-0.0326812336143363
0.4,0.15,1.5,"acute_cholecystitis",0.0144362165171731,0.126495745058114,0.114124127341524,1.11627906976744,0.102236197410115,-0.113563301094813
0.4,0.15,1.5,"choledocholithiasis",0.0451243537986044,0.0752417036743836,0.599725306511995,1.11627906976744,0.537253920416995,-0.0348178033964672
0.4,0.15,2,"acute_cholecystitis",0.0144362165171731,0.126495745058114,0.114124127341524,1.21739130434783,0.09374481888768,-0.114637424347579
0.4,0.15,2,"choledocholithiasis",0.0451243537986044,0.0752417036743836,0.599725306511995,1.21739130434783,0.49263150177771,-0.0381752701969586
0.4,0.15,3,"acute_cholecystitis",0.0144362165171731,0.126495745058114,0.114124127341524,1.38461538461538,0.082422980857767,-0.1160695886846
0.4,0.15,3,"choledocholithiasis",0.0451243537986044,0.0752417036743836,0.599725306511995,1.38461538461538,0.433134943591996,-0.0426518925976137
0.4,0.15,4,"acute_cholecystitis",0.0144362165171731,0.126495745058114,0.114124127341524,1.51724137931034,0.0752181748387314,-0.116980965989977
0.4,0.15,4,"choledocholithiasis",0.0451243537986044,0.0752417036743836,0.599725306511995,1.51724137931034,0.395273497473815,-0.0455006523071216
0.4,0.2,1.25,"acute_cholecystitis",0.0144362165171731,0.126495745058114,0.114124127341524,1.04761904761905,0.108936667007818,-0.112715720200812
0.4,0.2,1.25,"choledocholithiasis",0.0451243537986044,0.0752417036743836,0.599725306511995,1.04761904761905,0.572465065306904,-0.0321684568666249
0.4,0.2,1.5,"acute_cholecystitis",0.0144362165171731,0.126495745058114,0.114124127341524,1.09090909090909,0.104613783396397,-0.113262546584039
0.4,0.2,1.5,"choledocholithiasis",0.0451243537986044,0.0752417036743836,0.599725306511995,1.09090909090909,0.549748197635995,-0.0338777126923296
0.4,0.2,2,"acute_cholecystitis",0.0144362165171731,0.126495745058114,0.114124127341524,1.16666666666667,0.0978206805784487,-0.114121845186251
0.4,0.2,2,"choledocholithiasis",0.0451243537986044,0.0752417036743836,0.599725306511995,1.16666666666667,0.514050262724567,-0.0365636861327227
0.4,0.2,3,"acute_cholecystitis",0.0144362165171731,0.126495745058114,0.114124127341524,1.28571428571429,0.0887632101545183,-0.115267576655868
0.4,0.2,3,"choledocholithiasis",0.0451243537986044,0.0752417036743836,0.599725306511995,1.28571428571429,0.466453016175996,-0.0401449840532468
0.4,0.2,4,"acute_cholecystitis",0.0144362165171731,0.126495745058114,0.114124127341524,1.375,0.0829993653392899,-0.11599667850017
0.4,0.2,4,"choledocholithiasis",0.0451243537986044,0.0752417036743836,0.599725306511995,1.375,0.436163859281451,-0.0424239918208531
0.4,0.25,1.25,"acute_cholecystitis",0.0144362165171731,0.126495745058114,0.114124127341524,1.03529411764706,0.110233532091244,-0.112551672285845
0.4,0.25,1.25,"choledocholithiasis",0.0451243537986044,0.0752417036743836,0.599725306511995,1.03529411764706,0.579280125608177,-0.0316556801189134
0.4,0.25,1.5,"acute_cholecystitis",0.0144362165171731,0.126495745058114,0.114124127341524,1.06666666666667,0.106991369382678,-0.112961792073264
0.4,0.25,1.5,"choledocholithiasis",0.0451243537986044,0.0752417036743836,0.599725306511995,1.06666666666667,0.562242474854995,-0.032937621988192
0.4,0.25,2,"acute_cholecystitis",0.0144362165171731,0.126495745058114,0.114124127341524,1.12,0.101896542269217,-0.113606266024924
0.4,0.25,2,"choledocholithiasis",0.0451243537986044,0.0752417036743836,0.599725306511995,1.12,0.535469023671424,-0.0349521020684868
0.4,0.25,3,"acute_cholecystitis",0.0144362165171731,0.126495745058114,0.114124127341524,1.2,0.0951034394512696,-0.114465564627136
0.4,0.25,3,"choledocholithiasis",0.0451243537986044,0.0752417036743836,0.599725306511995,1.2,0.499771088759996,-0.0376380755088799
0.4,0.25,4,"acute_cholecystitis",0.0144362165171731,0.126495745058114,0.114124127341524,1.25714285714286,0.0907805558398483,-0.115012391010363
0.4,0.25,4,"choledocholithiasis",0.0451243537986044,0.0752417036743836,0.599725306511995,1.25714285714286,0.477054221089087,-0.0393473313345846
0.4,0.3,1.25,"acute_cholecystitis",0.0144362165171731,0.126495745058114,0.114124127341524,1.02325581395349,0.111530397174671,-0.112387624370877
0.4,0.3,1.25,"choledocholithiasis",0.0451243537986044,0.0752417036743836,0.599725306511995,1.02325581395349,0.58609518590945,-0.031142903371202
0.4,0.3,1.5,"acute_cholecystitis",0.0144362165171731,0.126495745058114,0.114124127341524,1.04347826086957,0.10936895536896,-0.11266103756249
0.4,0.3,1.5,"choledocholithiasis",0.0451243537986044,0.0752417036743836,0.599725306511995,1.04347826086957,0.574736752073995,-0.0319975312840544
0.4,0.3,2,"acute_cholecystitis",0.0144362165171731,0.126495745058114,0.114124127341524,1.07692307692308,0.105972403959986,-0.113090686863596
0.4,0.3,2,"choledocholithiasis",0.0451243537986044,0.0752417036743836,0.599725306511995,1.07692307692308,0.556887784618281,-0.0333405180042509
0.4,0.3,3,"acute_cholecystitis",0.0144362165171731,0.126495745058114,0.114124127341524,1.125,0.101443668748021,-0.113663552598405
0.4,0.3,3,"choledocholithiasis",0.0451243537986044,0.0752417036743836,0.599725306511995,1.125,0.533089161343996,-0.035131166964513
0.4,0.3,4,"acute_cholecystitis",0.0144362165171731,0.126495745058114,0.114124127341524,1.15789473684211,0.0985617463404067,-0.114028103520555
0.4,0.3,4,"choledocholithiasis",0.0451243537986044,0.0752417036743836,0.599725306511995,1.15789473684211,0.517944582896723,-0.0362706708483162
0.4,0.35,1.25,"acute_cholecystitis",0.0144362165171731,0.126495745058114,0.114124127341524,1.01149425287356,0.112827262258097,-0.112223576455909
0.4,0.35,1.25,"choledocholithiasis",0.0451243537986044,0.0752417036743836,0.599725306511995,1.01149425287356,0.592910246210722,-0.0306301266234906
0.4,0.35,1.5,"acute_cholecystitis",0.0144362165171731,0.126495745058114,0.114124127341524,1.02127659574468,0.111746541355242,-0.112360283051715
0.4,0.35,1.5,"choledocholithiasis",0.0451243537986044,0.0752417036743836,0.599725306511995,1.02127659574468,0.587231029292995,-0.0310574405799168
0.4,0.35,2,"acute_cholecystitis",0.0144362165171731,0.126495745058114,0.114124127341524,1.03703703703704,0.110048265650755,-0.112575107702269
0.4,0.35,2,"choledocholithiasis",0.0451243537986044,0.0752417036743836,0.599725306511995,1.03703703703704,0.578306545565138,-0.0317289339400151
0.4,0.35,3,"acute_cholecystitis",0.0144362165171731,0.126495745058114,0.114124127341524,1.05882352941176,0.107783898044772,-0.112861540569673
0.4,0.35,3,"choledocholithiasis",0.0451243537986044,0.0752417036743836,0.599725306511995,1.05882352941176,0.566407233927995,-0.0326242584201461
0.4,0.35,4,"acute_cholecystitis",0.0144362165171731,0.126495745058114,0.114124127341524,1.07317073170732,0.106342936840965,-0.113043816030748
0.4,0.35,4,"choledocholithiasis",0.0451243537986044,0.0752417036743836,0.599725306511995,1.07317073170732,0.558834944704359,-0.0331940103620477
0.4,0.4,1.25,"acute_cholecystitis",0.0144362165171731,0.126495745058114,0.114124127341524,1,0.114124127341524,-0.112059528540941
0.4,0.4,1.25,"choledocholithiasis",0.0451243537986044,0.0752417036743836,0.599725306511995,1,0.599725306511995,-0.0301173498757792
0.4,0.4,1.5,"acute_cholecystitis",0.0144362165171731,0.126495745058114,0.114124127341524,1,0.114124127341524,-0.112059528540941
0.4,0.4,1.5,"choledocholithiasis",0.0451243537986044,0.0752417036743836,0.599725306511995,1,0.599725306511995,-0.0301173498757792
0.4,0.4,2,"acute_cholecystitis",0.0144362165171731,0.126495745058114,0.114124127341524,1,0.114124127341524,-0.112059528540941
0.4,0.4,2,"choledocholithiasis",0.0451243537986044,0.0752417036743836,0.599725306511995,1,0.599725306511995,-0.0301173498757792
0.4,0.4,3,"acute_cholecystitis",0.0144362165171731,0.126495745058114,0.114124127341524,1,0.114124127341524,-0.112059528540941
0.4,0.4,3,"choledocholithiasis",0.0451243537986044,0.0752417036743836,0.599725306511995,1,0.599725306511995,-0.0301173498757792
0.4,0.4,4,"acute_cholecystitis",0.0144362165171731,0.126495745058114,0.114124127341524,1,0.114124127341524,-0.112059528540941
0.4,0.4,4,"choledocholithiasis",0.0451243537986044,0.0752417036743836,0.599725306511995,1,0.599725306511995,-0.0301173498757792
0.4,0.45,1.25,"acute_cholecystitis",0.0144362165171731,0.126495745058114,0.114124127341524,0.98876404494382,0.11542099242495,-0.111895480625973
0.4,0.45,1.25,"choledocholithiasis",0.0451243537986044,0.0752417036743836,0.599725306511995,0.98876404494382,0.606540366813268,-0.0296045731280678
0.4,0.45,1.5,"acute_cholecystitis",0.0144362165171731,0.126495745058114,0.114124127341524,0.979591836734694,0.116501713327805,-0.111758774030166
0.4,0.45,1.5,"choledocholithiasis",0.0451243537986044,0.0752417036743836,0.599725306511995,0.979591836734694,0.612219583730995,-0.0291772591716416
0.4,0.45,2,"acute_cholecystitis",0.0144362165171731,0.126495745058114,0.114124127341524,0.96551724137931,0.118199989032292,-0.111543949379613
0.4,0.45,2,"choledocholithiasis",0.0451243537986044,0.0752417036743836,0.599725306511995,0.96551724137931,0.621144067458852,-0.0285057658115433
0.4,0.45,3,"acute_cholecystitis",0.0144362165171731,0.126495745058114,0.114124127341524,0.947368421052632,0.120464356638275,-0.111257516512209
0.4,0.45,3,"choledocholithiasis",0.0451243537986044,0.0752417036743836,0.599725306511995,0.947368421052632,0.633043379095995,-0.0276104413314123
0.4,0.45,4,"acute_cholecystitis",0.0144362165171731,0.126495745058114,0.114124127341524,0.936170212765957,0.121905317842082,-0.111075241051134
0.4,0.45,4,"choledocholithiasis",0.0451243537986044,0.0752417036743836,0.599725306511995,0.936170212765957,0.640615668319631,-0.0270406893895107
0.4,0.5,1.25,"acute_cholecystitis",0.0144362165171731,0.126495745058114,0.114124127341524,0.977777777777778,0.116717857508376,-0.111731432711005
0.4,0.5,1.25,"choledocholithiasis",0.0451243537986044,0.0752417036743836,0.599725306511995,0.977777777777778,0.61335542711454,-0.0290917963803564
0.4,0.5,1.5,"acute_cholecystitis",0.0144362165171731,0.126495745058114,0.114124127341524,0.96,0.118879299314087,-0.111458019519392
0.4,0.5,1.5,"choledocholithiasis",0.0451243537986044,0.0752417036743836,0.599725306511995,0.96,0.624713860949995,-0.028237168467504
0.4,0.5,2,"acute_cholecystitis",0.0144362165171731,0.126495745058114,0.114124127341524,0.933333333333333,0.122275850723061,-0.111028370218286
0.4,0.5,2,"choledocholithiasis",0.0451243537986044,0.0752417036743836,0.599725306511995,0.933333333333333,0.642562828405709,-0.0268941817473074
0.4,0.5,3,"acute_cholecystitis",0.0144362165171731,0.126495745058114,0.114124127341524,0.9,0.126804585935026,-0.110455504483477
0.4,0.5,3,"choledocholithiasis",0.0451243537986044,0.0752417036743836,0.599725306511995,0.9,0.666361451679994,-0.0251035327870454
0.4,0.5,4,"acute_cholecystitis",0.0144362165171731,0.126495745058114,0.114124127341524,0.88,0.12968650834264,-0.110090953561326
0.4,0.5,4,"choledocholithiasis",0.0451243537986044,0.0752417036743836,0.599725306511995,0.88,0.681506030127267,-0.0239640289032422
0.45,0.05,1.25,"acute_cholecystitis",0.0144362165171731,0.126495745058114,0.114124127341524,1.09876543209877,0.103865778816443,-0.113357165980687
0.45,0.05,1.25,"choledocholithiasis",0.0451243537986044,0.0752417036743836,0.599725306511995,1.09876543209877,0.545817413791816,-0.0341734715655414
0.45,0.05,1.5,"acute_cholecystitis",0.0144362165171731,0.126495745058114,0.114124127341524,1.19512195121951,0.0954916167551523,-0.114416461849867
0.45,0.05,1.5,"choledocholithiasis",0.0451243537986044,0.0752417036743836,0.599725306511995,1.19512195121951,0.501810970754935,-0.037484591312286
0.45,0.05,2,"acute_cholecystitis",0.0144362165171731,0.126495745058114,0.114124127341524,1.38095238095238,0.0826416094542067,-0.116041933097402
0.45,0.05,2,"choledocholithiasis",0.0451243537986044,0.0752417036743836,0.599725306511995,1.38095238095238,0.434283842646617,-0.0425654474753942
0.45,0.05,3,"acute_cholecystitis",0.0144362165171731,0.126495745058114,0.114124127341524,1.72727272727273,0.0660718631977242,-0.11813793549554
0.45,0.05,3,"choledocholithiasis",0.0451243537986044,0.0752417036743836,0.599725306511995,1.72727272727273,0.347209387980629,-0.049117077790981
0.45,0.05,4,"acute_cholecystitis",0.0144362165171731,0.126495745058114,0.114124127341524,2.04347826086957,0.0558479772096817,-0.119431213570987
0.45,0.05,4,"choledocholithiasis",0.0451243537986044,0.0752417036743836,0.599725306511995,2.04347826086957,0.293482596803742,-0.0531595730920878
0.45,0.1,1.25,"acute_cholecystitis",0.0144362165171731,0.126495745058114,0.114124127341524,1.08536585365854,0.105148072382078,-0.113194961300719
0.45,0.1,1.25,"choledocholithiasis",0.0451243537986044,0.0752417036743836,0.599725306511995,1.08536585365854,0.552555900381838,-0.0336664563543211
0.45,0.1,1.5,"acute_cholecystitis",0.0144362165171731,0.126495745058114,0.114124127341524,1.16666666666667,0.0978206805784487,-0.114121845186251
0.45,0.1,1.5,"choledocholithiasis",0.0451243537986044,0.0752417036743836,0.599725306511995,1.16666666666667,0.514050262724567,-0.0365636861327227
0.45,0.1,2,"acute_cholecystitis",0.0144362165171731,0.126495745058114,0.114124127341524,1.31818181818182,0.0865769241901213,-0.115544132527845
0.45,0.1,2,"choledocholithiasis",0.0451243537986044,0.0752417036743836,0.599725306511995,1.31818181818182,0.454964025629789,-0.0410094352754423
0.45,0.1,3,"acute_cholecystitis",0.0144362165171731,0.126495745058114,0.114124127341524,1.58333333333333,0.0720783962156991,-0.117378134626215
0.45,0.1,3,"choledocholithiasis",0.0451243537986044,0.0752417036743836,0.599725306511995,1.58333333333333,0.378773877797049,-0.0467421118015808
0.45,0.1,4,"acute_cholecystitis",0.0144362165171731,0.126495745058114,0.114124127341524,1.80769230769231,0.063132495976162,-0.118509752942231
0.45,0.1,4,"choledocholithiasis",0.0451243537986044,0.0752417036743836,0.599725306511995,1.80769230769231,0.331762935517274,-0.0502792951900492
0.45,0.15,1.25,"acute_cholecystitis",0.0144362165171731,0.126495745058114,0.114124127341524,1.07228915662651,0.106430365947713,-0.11303275662075
0.45,0.15,1.25,"choledocholithiasis",0.0451243537986044,0.0752417036743836,0.599725306511995,1.07228915662651,0.559294386971861,-0.0331594411431008
0.45,0.15,1.5,"acute_cholecystitis",0.0144362165171731,0.126495745058114,0.114124127341524,1.13953488372093,0.100149744401745,-0.113827228522636
0.45,0.15,1.5,"choledocholithiasis",0.0451243537986044,0.0752417036743836,0.599725306511995,1.13953488372093,0.5262895546942,-0.0356427809531593
0.45,0.15,2,"acute_cholecystitis",0.0144362165171731,0.126495745058114,0.114124127341524,1.26086956521739,0.0905122389260359,-0.115046331958287
0.45,0.15,2,"choledocholithiasis",0.0451243537986044,0.0752417036743836,0.599725306511995,1.26086956521739,0.475644208612962,-0.0394534230754904
0.45,0.15,3,"acute_cholecystitis",0.0144362165171731,0.126495745058114,0.114124127341524,1.46153846153846,0.078084929233674,-0.11661833375689
0.45,0.15,3,"choledocholithiasis",0.0451243537986044,0.0752417036743836,0.599725306511995,1.46153846153846,0.41033836761347,-0.0443671458121806
0.45,0.15,4,"acute_cholecystitis",0.0144362165171731,0.126495745058114,0.114124127341524,1.62068965517241,0.0704170147426422,-0.117588292313475
0.45,0.15,4,"choledocholithiasis",0.0451243537986044,0.0752417036743836,0.599725306511995,1.62068965517241,0.370043274230805,-0.0473990172880107
0.45,0.2,1.25,"acute_cholecystitis",0.0144362165171731,0.126495745058114,0.114124127341524,1.05952380952381,0.107712659513348,-0.112870551940782
0.45,0.2,1.25,"choledocholithiasis",0.0451243537986044,0.0752417036743836,0.599725306511995,1.05952380952381,0.566032873561883,-0.0326524259318806
0.45,0.2,1.5,"acute_cholecystitis",0.0144362165171731,0.126495745058114,0.114124127341524,1.11363636363636,0.102478808225042,-0.11353261185902
0.45,0.2,1.5,"choledocholithiasis",0.0451243537986044,0.0752417036743836,0.599725306511995,1.11363636363636,0.538528846663832,-0.034721875773596
0.45,0.2,2,"acute_cholecystitis",0.0144362165171731,0.126495745058114,0.114124127341524,1.20833333333333,0.0944475536619505,-0.114548531388729
0.45,0.2,2,"choledocholithiasis",0.0451243537986044,0.0752417036743836,0.599725306511995,1.20833333333333,0.496324391596134,-0.0378974108755386
0.45,0.2,3,"acute_cholecystitis",0.0144362165171731,0.126495745058114,0.114124127341524,1.35714285714286,0.0840914622516489,-0.115858532887565
0.45,0.2,3,"choledocholithiasis",0.0451243537986044,0.0752417036743836,0.599725306511995,1.35714285714286,0.441902857429891,-0.0419921798227804
0.45,0.2,4,"acute_cholecystitis",0.0144362165171731,0.126495745058114,0.114124127341524,1.46875,0.0777015335091224,-0.11666683168472
0.45,0.2,4,"choledocholithiasis",0.0451243537986044,0.0752417036743836,0.599725306511995,1.46875,0.408323612944337,-0.0445187393859721
0.45,0.25,1.25,"acute_cholecystitis",0.0144362165171731,0.126495745058114,0.114124127341524,1.04705882352941,0.108994953078983,-0.112708347260814
0.45,0.25,1.25,"choledocholithiasis",0.0451243537986044,0.0752417036743836,0.599725306511995,1.04705882352941,0.572771360151905,-0.0321454107206603
0.45,0.25,1.5,"acute_cholecystitis",0.0144362165171731,0.126495745058114,0.114124127341524,1.08888888888889,0.104807872048338,-0.113237995195404
0.45,0.25,1.5,"choledocholithiasis",0.0451243537986044,0.0752417036743836,0.599725306511995,1.08888888888889,0.550768138633465,-0.0338009705940326
0.45,0.25,2,"acute_cholecystitis",0.0144362165171731,0.126495745058114,0.114124127341524,1.16,0.0983828683978651,-0.114050730819172
0.45,0.25,2,"choledocholithiasis",0.0451243537986044,0.0752417036743836,0.599725306511995,1.16,0.517004574579306,-0.0363413986755867
0.45,0.25,3,"acute_cholecystitis",0.0144362165171731,0.126495745058114,0.114124127341524,1.26666666666667,0.0900979952696239,-0.115098732018241
0.45,0.25,3,"choledocholithiasis",0.0451243537986044,0.0752417036743836,0.599725306511995,1.26666666666667,0.473467347246312,-0.0396172138333801
0.45,0.25,4,"acute_cholecystitis",0.0144362165171731,0.126495745058114,0.114124127341524,1.34285714285714,0.0849860522756026,-0.115745371055964
0.45,0.25,4,"choledocholithiasis",0.0451243537986044,0.0752417036743836,0.599725306511995,1.34285714285714,0.446603951657869,-0.0416384614839335
0.45,0.3,1.25,"acute_cholecystitis",0.0144362165171731,0.126495745058114,0.114124127341524,1.03488372093023,0.110277246644618,-0.112546142580846
0.45,0.3,1.25,"choledocholithiasis",0.0451243537986044,0.0752417036743836,0.599725306511995,1.03488372093023,0.579509846741928,-0.03163839550944
0.45,0.3,1.5,"acute_cholecystitis",0.0144362165171731,0.126495745058114,0.114124127341524,1.06521739130435,0.107136935871634,-0.112943378531788
0.45,0.3,1.5,"choledocholithiasis",0.0451243537986044,0.0752417036743836,0.599725306511995,1.06521739130435,0.563007430603097,-0.0328800654144693
0.45,0.3,2,"acute_cholecystitis",0.0144362165171731,0.126495745058114,0.114124127341524,1.11538461538462,0.10231818313378,-0.113552930249614
0.45,0.3,2,"choledocholithiasis",0.0451243537986044,0.0752417036743836,0.599725306511995,1.11538461538462,0.537684757562478,-0.0347853864756348
0.45,0.3,3,"acute_cholecystitis",0.0144362165171731,0.126495745058114,0.114124127341524,1.1875,0.0961045282875988,-0.114338931148916
0.45,0.3,3,"choledocholithiasis",0.0451243537986044,0.0752417036743836,0.599725306511995,1.1875,0.505031837062733,-0.0372422478439799
0.45,0.3,4,"acute_cholecystitis",0.0144362165171731,0.126495745058114,0.114124127341524,1.23684210526316,0.0922705710420829,-0.114823910427208
0.45,0.3,4,"choledocholithiasis",0.0451243537986044,0.0752417036743836,0.599725306511995,1.23684210526316,0.4848842903714,-0.0387581835818949
0.45,0.35,1.25,"acute_cholecystitis",0.0144362165171731,0.126495745058114,0.114124127341524,1.02298850574713,0.111559540210253,-0.112383937900877
0.45,0.35,1.25,"choledocholithiasis",0.0451243537986044,0.0752417036743836,0.599725306511995,1.02298850574713,0.58624833333195,-0.0311313802982198
0.45,0.35,1.5,"acute_cholecystitis",0.0144362165171731,0.126495745058114,0.114124127341524,1.04255319148936,0.109465999694931,-0.112648761868172
0.45,0.35,1.5,"choledocholithiasis",0.0451243537986044,0.0752417036743836,0.599725306511995,1.04255319148936,0.57524672257273,-0.0319591602349059
0.45,0.35,2,"acute_cholecystitis",0.0144362165171731,0.126495745058114,0.114124127341524,1.07407407407407,0.106253497869694,-0.113055129680056
0.45,0.35,2,"choledocholithiasis",0.0451243537986044,0.0752417036743836,0.599725306511995,1.07407407407407,0.558364940545651,-0.0332293742756829
0.45,0.35,3,"acute_cholecystitis",0.0144362165171731,0.126495745058114,0.114124127341524,1.11764705882353,0.102111061305574,-0.113579130279591
0.45,0.35,3,"choledocholithiasis",0.0451243537986044,0.0752417036743836,0.599725306511995,1.11764705882353,0.536596326879153,-0.0348672818545797
0.45,0.35,4,"acute_cholecystitis",0.0144362165171731,0.126495745058114,0.114124127341524,1.14634146341463,0.0995550898085631,-0.113902449798452
0.45,0.35,4,"choledocholithiasis",0.0451243537986044,0.0752417036743836,0.599725306511995,1.14634146341463,0.523164629084932,-0.0358779056798564
0.45,0.4,1.25,"acute_cholecystitis",0.0144362165171731,0.126495745058114,0.114124127341524,1.01136363636364,0.112841833775888,-0.112221733220909
0.45,0.4,1.25,"choledocholithiasis",0.0451243537986044,0.0752417036743836,0.599725306511995,1.01136363636364,0.592986819921973,-0.0306243650869995
0.45,0.4,1.5,"acute_cholecystitis",0.0144362165171731,0.126495745058114,0.114124127341524,1.02083333333333,0.111795063518227,-0.112354145204557
0.45,0.4,1.5,"choledocholithiasis",0.0451243537986044,0.0752417036743836,0.599725306511995,1.02083333333333,0.587486014542362,-0.0310382550553426
0.45,0.4,2,"acute_cholecystitis",0.0144362165171731,0.126495745058114,0.114124127341524,1.03571428571429,0.110188812605609,-0.112557329110499
0.45,0.4,2,"choledocholithiasis",0.0451243537986044,0.0752417036743836,0.599725306511995,1.03571428571429,0.579045123528823,-0.0316733620757311
0.45,0.4,3,"acute_cholecystitis",0.0144362165171731,0.126495745058114,0.114124127341524,1.05555555555556,0.108117594323549,-0.112819329410266
0.45,0.4,3,"choledocholithiasis",0.0451243537986044,0.0752417036743836,0.599725306511995,1.05555555555556,0.568160816695574,-0.0324923158651794
0.45,0.4,4,"acute_cholecystitis",0.0144362165171731,0.126495745058114,0.114124127341524,1.06818181818182,0.106839608575043,-0.112980989169697
0.45,0.4,4,"choledocholithiasis",0.0451243537986044,0.0752417036743836,0.599725306511995,1.06818181818182,0.561444967798463,-0.0329976277778178
0.45,0.45,1.25,"acute_cholecystitis",0.0144362165171731,0.126495745058114,0.114124127341524,1,0.114124127341524,-0.112059528540941
0.45,0.45,1.25,"choledocholithiasis",0.0451243537986044,0.0752417036743836,0.599725306511995,1,0.599725306511995,-0.0301173498757792
0.45,0.45,1.5,"acute_cholecystitis",0.0144362165171731,0.126495745058114,0.114124127341524,1,0.114124127341524,-0.112059528540941
0.45,0.45,1.5,"choledocholithiasis",0.0451243537986044,0.0752417036743836,0.599725306511995,1,0.599725306511995,-0.0301173498757792
0.45,0.45,2,"acute_cholecystitis",0.0144362165171731,0.126495745058114,0.114124127341524,1,0.114124127341524,-0.112059528540941
0.45,0.45,2,"choledocholithiasis",0.0451243537986044,0.0752417036743836,0.599725306511995,1,0.599725306511995,-0.0301173498757792
0.45,0.45,3,"acute_cholecystitis",0.0144362165171731,0.126495745058114,0.114124127341524,1,0.114124127341524,-0.112059528540941
0.45,0.45,3,"choledocholithiasis",0.0451243537986044,0.0752417036743836,0.599725306511995,1,0.599725306511995,-0.0301173498757792
0.45,0.45,4,"acute_cholecystitis",0.0144362165171731,0.126495745058114,0.114124127341524,1,0.114124127341524,-0.112059528540941
0.45,0.45,4,"choledocholithiasis",0.0451243537986044,0.0752417036743836,0.599725306511995,1,0.599725306511995,-0.0301173498757792
0.45,0.5,1.25,"acute_cholecystitis",0.0144362165171731,0.126495745058114,0.114124127341524,0.988888888888889,0.115406420907159,-0.111897323860973
0.45,0.5,1.25,"choledocholithiasis",0.0451243537986044,0.0752417036743836,0.599725306511995,0.988888888888889,0.606463793102017,-0.0296103346645589
0.45,0.5,1.5,"acute_cholecystitis",0.0144362165171731,0.126495745058114,0.114124127341524,0.98,0.11645319116482,-0.111764911877325
0.45,0.5,1.5,"choledocholithiasis",0.0451243537986044,0.0752417036743836,0.599725306511995,0.98,0.611964598481627,-0.0291964446962158
0.45,0.5,2,"acute_cholecystitis",0.0144362165171731,0.126495745058114,0.114124127341524,0.966666666666667,0.118059442077438,-0.111561727971383
0.45,0.5,2,"choledocholithiasis",0.0451243537986044,0.0752417036743836,0.599725306511995,0.966666666666667,0.620405489495167,-0.0285613376758273
0.45,0.5,3,"acute_cholecystitis",0.0144362165171731,0.126495745058114,0.114124127341524,0.95,0.120130660359498,-0.111299727671616
0.45,0.5,3,"choledocholithiasis",0.0451243537986044,0.0752417036743836,0.599725306511995,0.95,0.631289796328416,-0.027742383886379
0.45,0.5,4,"acute_cholecystitis",0.0144362165171731,0.126495745058114,0.114124127341524,0.94,0.121408646108004,-0.111138067912185
0.45,0.5,4,"choledocholithiasis",0.0451243537986044,0.0752417036743836,0.599725306511995,0.94,0.638005645225526,-0.0272370719737406
0.5,0.05,1.25,"acute_cholecystitis",0.0144362165171731,0.126495745058114,0.114124127341524,1.11111111111111,0.102711714607371,-0.113503150192658
0.5,0.05,1.25,"choledocholithiasis",0.0451243537986044,0.0752417036743836,0.599725306511995,1.11111111111111,0.539752775860795,-0.0346297852556396
0.5,0.05,1.5,"acute_cholecystitis",0.0144362165171731,0.126495745058114,0.114124127341524,1.21951219512195,0.0935817844200493,-0.114658047514032
0.5,0.05,1.5,"choledocholithiasis",0.0451243537986044,0.0752417036743836,0.599725306511995,1.21951219512195,0.491774751339836,-0.038239733559528
0.5,0.05,2,"acute_cholecystitis",0.0144362165171731,0.126495745058114,0.114124127341524,1.42857142857143,0.0798868891390665,-0.116390393496093
0.5,0.05,2,"choledocholithiasis",0.0451243537986044,0.0752417036743836,0.599725306511995,1.42857142857143,0.419807714558396,-0.0436546560153605
0.5,0.05,3,"acute_cholecystitis",0.0144362165171731,0.126495745058114,0.114124127341524,1.81818181818182,0.0627682700378379,-0.118555825973669
0.5,0.05,3,"choledocholithiasis",0.0451243537986044,0.0752417036743836,0.599725306511995,1.81818181818182,0.329848918581597,-0.0504233090851512
0.5,0.05,4,"acute_cholecystitis",0.0144362165171731,0.126495745058114,0.114124127341524,2.17391304347826,0.0524970985771008,-0.119855085460214
0.5,0.05,4,"choledocholithiasis",0.0451243537986044,0.0752417036743836,0.599725306511995,2.17391304347826,0.275873640995518,-0.0544845009270256
0.5,0.1,1.25,"acute_cholecystitis",0.0144362165171731,0.126495745058114,0.114124127341524,1.09756097560976,0.103979760466721,-0.113342747786912
0.5,0.1,1.25,"choledocholithiasis",0.0451243537986044,0.0752417036743836,0.599725306511995,1.09756097560976,0.546416390377595,-0.0341284035467663
0.5,0.1,1.5,"acute_cholecystitis",0.0144362165171731,0.126495745058114,0.114124127341524,1.19047619047619,0.0958642669668798,-0.114369323183689
0.5,0.1,1.5,"choledocholithiasis",0.0451243537986044,0.0752417036743836,0.599725306511995,1.19047619047619,0.503769257470076,-0.0373372464835559
0.5,0.1,2,"acute_cholecystitis",0.0144362165171731,0.126495745058114,0.114124127341524,1.36363636363636,0.0836910267171173,-0.115909186278854
0.5,0.1,2,"choledocholithiasis",0.0451243537986044,0.0752417036743836,0.599725306511995,1.36363636363636,0.439798558108796,-0.0421505108887404
0.5,0.1,3,"acute_cholecystitis",0.0144362165171731,0.126495745058114,0.114124127341524,1.66666666666667,0.0684744764049141,-0.11783401514781
0.5,0.1,3,"choledocholithiasis",0.0451243537986044,0.0752417036743836,0.599725306511995,1.66666666666667,0.359835183907197,-0.048167091395221
0.5,0.1,4,"acute_cholecystitis",0.0144362165171731,0.126495745058114,0.114124127341524,1.92307692307692,0.0593445462175922,-0.118988912469184
0.5,0.1,4,"choledocholithiasis",0.0451243537986044,0.0752417036743836,0.599725306511995,1.92307692307692,0.311857159386237,-0.0517770396991093
0.5,0.15,1.25,"acute_cholecystitis",0.0144362165171731,0.126495745058114,0.114124127341524,1.08433734939759,0.105247806326072,-0.113182345381165
0.5,0.15,1.25,"choledocholithiasis",0.0451243537986044,0.0752417036743836,0.599725306511995,1.08433734939759,0.553080004894395,-0.0336270218378929
0.5,0.15,1.5,"acute_cholecystitis",0.0144362165171731,0.126495745058114,0.114124127341524,1.16279069767442,0.0981467495137102,-0.114080598853345
0.5,0.15,1.5,"choledocholithiasis",0.0451243537986044,0.0752417036743836,0.599725306511995,1.16279069767442,0.515763763600316,-0.0364347594075838
0.5,0.15,2,"acute_cholecystitis",0.0144362165171731,0.126495745058114,0.114124127341524,1.30434782608696,0.087495164295168,-0.115427979061615
0.5,0.15,2,"choledocholithiasis",0.0451243537986044,0.0752417036743836,0.599725306511995,1.30434782608696,0.459789401659196,-0.0406463657621202
0.5,0.15,3,"acute_cholecystitis",0.0144362165171731,0.126495745058114,0.114124127341524,1.53846153846154,0.0741806827719903,-0.117112204321951
0.5,0.15,3,"choledocholithiasis",0.0451243537986044,0.0752417036743836,0.599725306511995,1.53846153846154,0.389821449232797,-0.0459108737052907
0.5,0.15,4,"acute_cholecystitis",0.0144362165171731,0.126495745058114,0.114124127341524,1.72413793103448,0.0661919938580837,-0.118122739478154
0.5,0.15,4,"choledocholithiasis",0.0451243537986044,0.0752417036743836,0.599725306511995,1.72413793103448,0.347840677776957,-0.049069578471193
0.5,0.2,1.25,"acute_cholecystitis",0.0144362165171731,0.126495745058114,0.114124127341524,1.07142857142857,0.106515852185422,-0.113021942975419
0.5,0.2,1.25,"choledocholithiasis",0.0451243537986044,0.0752417036743836,0.599725306511995,1.07142857142857,0.559743619411195,-0.0331256401290195
0.5,0.2,1.5,"acute_cholecystitis",0.0144362165171731,0.126495745058114,0.114124127341524,1.13636363636364,0.100429232060541,-0.113791874523002
0.5,0.2,1.5,"choledocholithiasis",0.0451243537986044,0.0752417036743836,0.599725306511995,1.13636363636364,0.527758269730556,-0.0355322723316117
0.5,0.2,2,"acute_cholecystitis",0.0144362165171731,0.126495745058114,0.114124127341524,1.25,0.0912993018732188,-0.114946771844376
0.5,0.2,2,"choledocholithiasis",0.0451243537986044,0.0752417036743836,0.599725306511995,1.25,0.479780245209596,-0.0391422206355001
0.5,0.2,3,"acute_cholecystitis",0.0144362165171731,0.126495745058114,0.114124127341524,1.42857142857143,0.0798868891390665,-0.116390393496093
0.5,0.2,3,"choledocholithiasis",0.0451243537986044,0.0752417036743836,0.599725306511995,1.42857142857143,0.419807714558396,-0.0436546560153605
0.5,0.2,4,"acute_cholecystitis",0.0144362165171731,0.126495745058114,0.114124127341524,1.5625,0.0730394414985751,-0.117256566487123
0.5,0.2,4,"choledocholithiasis",0.0451243537986044,0.0752417036743836,0.599725306511995,1.5625,0.383824196167677,-0.0463621172432768
0.5,0.25,1.25,"acute_cholecystitis",0.0144362165171731,0.126495745058114,0.114124127341524,1.05882352941176,0.107783898044772,-0.112861540569673
0.5,0.25,1.25,"choledocholithiasis",0.0451243537986044,0.0752417036743836,0.599725306511995,1.05882352941176,0.566407233927995,-0.0326242584201461
0.5,0.25,1.5,"acute_cholecystitis",0.0144362165171731,0.126495745058114,0.114124127341524,1.11111111111111,0.102711714607371,-0.113503150192658
0.5,0.25,1.5,"choledocholithiasis",0.0451243537986044,0.0752417036743836,0.599725306511995,1.11111111111111,0.539752775860795,-0.0346297852556396
0.5,0.25,2,"acute_cholecystitis",0.0144362165171731,0.126495745058114,0.114124127341524,1.2,0.0951034394512696,-0.114465564627136
0.5,0.25,2,"choledocholithiasis",0.0451243537986044,0.0752417036743836,0.599725306511995,1.2,0.499771088759996,-0.0376380755088799
0.5,0.25,3,"acute_cholecystitis",0.0144362165171731,0.126495745058114,0.114124127341524,1.33333333333333,0.0855930955061427,-0.115668582670234
0.5,0.25,3,"choledocholithiasis",0.0451243537986044,0.0752417036743836,0.599725306511995,1.33333333333333,0.449793979883996,-0.0413984383254303
0.5,0.25,4,"acute_cholecystitis",0.0144362165171731,0.126495745058114,0.114124127341524,1.42857142857143,0.0798868891390665,-0.116390393496093
0.5,0.25,4,"choledocholithiasis",0.0451243537986044,0.0752417036743836,0.599725306511995,1.42857142857143,0.419807714558396,-0.0436546560153605
0.5,0.3,1.25,"acute_cholecystitis",0.0144362165171731,0.126495745058114,0.114124127341524,1.04651162790698,0.109051943904122,-0.112701138163926
0.5,0.3,1.25,"choledocholithiasis",0.0451243537986044,0.0752417036743836,0.599725306511995,1.04651162790698,0.573070848444795,-0.0321228767112727
0.5,0.3,1.5,"acute_cholecystitis",0.0144362165171731,0.126495745058114,0.114124127341524,1.08695652173913,0.104994197154202,-0.113214425862315
0.5,0.3,1.5,"choledocholithiasis",0.0451243537986044,0.0752417036743836,0.599725306511995,1.08695652173913,0.551747281991035,-0.0337272981796676
0.5,0.3,2,"acute_cholecystitis",0.0144362165171731,0.126495745058114,0.114124127341524,1.15384615384615,0.0989075770293204,-0.113984357409897
0.5,0.3,2,"choledocholithiasis",0.0451243537986044,0.0752417036743836,0.599725306511995,1.15384615384615,0.519761932310396,-0.0361339303822598
0.5,0.3,3,"acute_cholecystitis",0.0144362165171731,0.126495745058114,0.114124127341524,1.25,0.0912993018732188,-0.114946771844376
0.5,0.3,3,"choledocholithiasis",0.0451243537986044,0.0752417036743836,0.599725306511995,1.25,0.479780245209596,-0.0391422206355001
0.5,0.3,4,"acute_cholecystitis",0.0144362165171731,0.126495745058114,0.114124127341524,1.31578947368421,0.0867343367795579,-0.115524220505062
0.5,0.3,4,"choledocholithiasis",0.0451243537986044,0.0752417036743836,0.599725306511995,1.31578947368421,0.455791232949116,-0.0409471947874443
0.5,0.35,1.25,"acute_cholecystitis",0.0144362165171731,0.126495745058114,0.114124127341524,1.03448275862069,0.110319989763473,-0.11254073575818
0.5,0.35,1.25,"choledocholithiasis",0.0451243537986044,0.0752417036743836,0.599725306511995,1.03448275862069,0.579734462961595,-0.0316214950023993
0.5,0.35,1.5,"acute_cholecystitis",0.0144362165171731,0.126495745058114,0.114124127341524,1.06382978723404,0.107276679701032,-0.112925701531971
0.5,0.35,1.5,"choledocholithiasis",0.0451243537986044,0.0752417036743836,0.599725306511995,1.06382978723404,0.563741788121275,-0.0328248111036955
0.5,0.35,2,"acute_cholecystitis",0.0144362165171731,0.126495745058114,0.114124127341524,1.11111111111111,0.102711714607371,-0.113503150192658
0.5,0.35,2,"choledocholithiasis",0.0451243537986044,0.0752417036743836,0.599725306511995,1.11111111111111,0.539752775860796,-0.0346297852556396
0.5,0.35,3,"acute_cholecystitis",0.0144362165171731,0.126495745058114,0.114124127341524,1.17647058823529,0.097005508240295,-0.114224961018517
0.5,0.35,3,"choledocholithiasis",0.0451243537986044,0.0752417036743836,0.599725306511995,1.17647058823529,0.509766510535196,-0.0368860029455698
0.5,0.35,4,"acute_cholecystitis",0.0144362165171731,0.126495745058114,0.114124127341524,1.21951219512195,0.0935817844200493,-0.114658047514032
0.5,0.35,4,"choledocholithiasis",0.0451243537986044,0.0752417036743836,0.599725306511995,1.21951219512195,0.491774751339836,-0.038239733559528
0.5,0.4,1.25,"acute_cholecystitis",0.0144362165171731,0.126495745058114,0.114124127341524,1.02272727272727,0.111588035622823,-0.112380333352434
0.5,0.4,1.25,"choledocholithiasis",0.0451243537986044,0.0752417036743836,0.599725306511995,1.02272727272727,0.586398077478395,-0.031120113293526
0.5,0.4,1.5,"acute_cholecystitis",0.0144362165171731,0.126495745058114,0.114124127341524,1.04166666666667,0.109559162247863,-0.112636977201628
0.5,0.4,1.5,"choledocholithiasis",0.0451243537986044,0.0752417036743836,0.599725306511995,1.04166666666667,0.575736294251515,-0.0319223240277234
0.5,0.4,2,"acute_cholecystitis",0.0144362165171731,0.126495745058114,0.114124127341524,1.07142857142857,0.106515852185422,-0.113021942975419
0.5,0.4,2,"choledocholithiasis",0.0451243537986044,0.0752417036743836,0.599725306511995,1.07142857142857,0.559743619411195,-0.0331256401290195
0.5,0.4,3,"acute_cholecystitis",0.0144362165171731,0.126495745058114,0.114124127341524,1.11111111111111,0.102711714607371,-0.113503150192658
0.5,0.4,3,"choledocholithiasis",0.0451243537986044,0.0752417036743836,0.599725306511995,1.11111111111111,0.539752775860795,-0.0346297852556396
0.5,0.4,4,"acute_cholecystitis",0.0144362165171731,0.126495745058114,0.114124127341524,1.13636363636364,0.100429232060541,-0.113791874523002
0.5,0.4,4,"choledocholithiasis",0.0451243537986044,0.0752417036743836,0.599725306511995,1.13636363636364,0.527758269730556,-0.0355322723316117
0.5,0.45,1.25,"acute_cholecystitis",0.0144362165171731,0.126495745058114,0.114124127341524,1.01123595505618,0.112856081482173,-0.112219930946687
0.5,0.45,1.25,"choledocholithiasis",0.0451243537986044,0.0752417036743836,0.599725306511995,1.01123595505618,0.593061691995195,-0.0306187315846526
0.5,0.45,1.5,"acute_cholecystitis",0.0144362165171731,0.126495745058114,0.114124127341524,1.02040816326531,0.111841644794693,-0.112348252871284
0.5,0.45,1.5,"choledocholithiasis",0.0451243537986044,0.0752417036743836,0.599725306511995,1.02040816326531,0.587730800381755,-0.0310198369517513
0.5,0.45,2,"acute_cholecystitis",0.0144362165171731,0.126495745058114,0.114124127341524,1.03448275862069,0.110319989763473,-0.11254073575818
0.5,0.45,2,"choledocholithiasis",0.0451243537986044,0.0752417036743836,0.599725306511995,1.03448275862069,0.579734462961595,-0.0316214950023993
0.5,0.45,3,"acute_cholecystitis",0.0144362165171731,0.126495745058114,0.114124127341524,1.05263157894737,0.108417920974447,-0.1127813393668
0.5,0.45,3,"choledocholithiasis",0.0451243537986044,0.0752417036743836,0.599725306511995,1.05263157894737,0.569739041186395,-0.0323735675657094
0.5,0.45,4,"acute_cholecystitis",0.0144362165171731,0.126495745058114,0.114124127341524,1.06382978723404,0.107276679701032,-0.112925701531971
0.5,0.45,4,"choledocholithiasis",0.0451243537986044,0.0752417036743836,0.599725306511995,1.06382978723404,0.563741788121275,-0.0328248111036955
0.5,0.5,1.25,"acute_cholecystitis",0.0144362165171731,0.126495745058114,0.114124127341524,1,0.114124127341524,-0.112059528540941
0.5,0.5,1.25,"choledocholithiasis",0.0451243537986044,0.0752417036743836,0.599725306511995,1,0.599725306511995,-0.0301173498757792
0.5,0.5,1.5,"acute_cholecystitis",0.0144362165171731,0.126495745058114,0.114124127341524,1,0.114124127341524,-0.112059528540941
0.5,0.5,1.5,"choledocholithiasis",0.0451243537986044,0.0752417036743836,0.599725306511995,1,0.599725306511995,-0.0301173498757792
0.5,0.5,2,"acute_cholecystitis",0.0144362165171731,0.126495745058114,0.114124127341524,1,0.114124127341524,-0.112059528540941
0.5,0.5,2,"choledocholithiasis",0.0451243537986044,0.0752417036743836,0.599725306511995,1,0.599725306511995,-0.0301173498757792
0.5,0.5,3,"acute_cholecystitis",0.0144362165171731,0.126495745058114,0.114124127341524,1,0.114124127341524,-0.112059528540941
0.5,0.5,3,"choledocholithiasis",0.0451243537986044,0.0752417036743836,0.599725306511995,1,0.599725306511995,-0.0301173498757792
0.5,0.5,4,"acute_cholecystitis",0.0144362165171731,0.126495745058114,0.114124127341524,1,0.114124127341524,-0.112059528540941
0.5,0.5,4,"choledocholithiasis",0.0451243537986044,0.0752417036743836,0.599725306511995,1,0.599725306511995,-0.0301173498757792
